RecordTypeId,mbfc__Person__c,mbfc__Completion_Date__c,mbfc__Context__c,mbfc__Category__c,mbfc__Affiliation__c,Archdpdx_Migration_Id__c
012Dx0000007yIOIAY,003Dx00000m0Oa7IAE,2021-11-02,001Dx00001CwMTQIA3,Ecclesial Affiliations,Faculties (Confessional),003dx00000m0oa7iae20211102faculties(confessional)
012Dx0000007yIOIAY,003Dx00000m0OXKIA2,2010-06-30,001Dx00001CwMTQIA3,Ecclesial Affiliations,Faculties (Withdrawn),003dx00000m0oxkia220100630faculties(withdrawn)
012Dx0000007yIOIAY,003Dx00000m0Oa4IAE,2016-06-04,001Dx00001CwMTQIA3,Ecclesial Affiliations,Faculties (General),003dx00000m0oa4iae20160604faculties(general)
012Dx0000007yIOIAY,003Dx00000m0OajIAE,2019-06-01,001Dx00001CwMTQIA3,Ecclesial Affiliations,Faculties (General),003dx00000m0oajiae20190601faculties(general)
012Dx0000007yIOIAY,003Dx00000m0OjYIAU,2012-06-09,001Dx00001CwMTQIA3,Ecclesial Affiliations,Faculties (General),003dx00000m0ojyiau20120609faculties(general)
012Dx0000007yIOIAY,003Dx00000m0OanIAE,2005-12-16,001Dx00001FavyLIAR,Ecclesial Affiliations,Incardinated,003dx00000m0oaniae20051216incardinated
012Dx0000007yIOIAY,003Dx00000m0OYhIAM,2020-03-30,001Dx00001CwMTQIA3,Ecclesial Affiliations,Faculties (Confessional),003dx00000m0oyhiam20200330faculties(confessional)
012Dx0000007yIOIAY,003Dx00000m0OaPIAU,2002-01-07,001Dx00001CwMTQIA3,Ecclesial Affiliations,Faculties,003dx00000m0oapiau20020107faculties
012Dx0000007yIOIAY,003Dx00000m0OaSIAU,2000-12-09,001Dx00001CwMTQIA3,Ecclesial Affiliations,Faculties (Diaconal),003dx00000m0oasiau20001209faculties(diaconal)
012Dx0000007yIOIAY,003Dx00000m0ObaIAE,2020-07-01,001Dx00001CwMTQIA3,Ecclesial Affiliations,Faculties (Confessional),003dx00000m0obaiae20200701faculties(confessional)
012Dx0000007yIOIAY,003Dx00000m0OjaIAE,2004-11-01,001Dx00001CwMTQIA3,Ecclesial Affiliations,Faculties (Diaconal),003dx00000m0ojaiae20041101faculties(diaconal)
012Dx0000007yIOIAY,003Dx00000m0ObbIAE,2020-07-01,001Dx00001FavyQIAR,Ecclesial Affiliations,Excardinated,003dx00000m0obbiae20200701excardinated
012Dx0000007yIOIAY,003Dx00000m0ObcIAE,2009-06-13,001Dx00001CwMTQIA3,Ecclesial Affiliations,Faculties (General),003dx00000m0obciae20090613faculties(general)
012Dx0000007yIOIAY,003Dx00000m0OapIAE,1997-11-29,001Dx00001CwMTQIA3,Ecclesial Affiliations,Faculties (Diaconal),003dx00000m0oapiae19971129faculties(diaconal)
012Dx0000007yIOIAY,003Dx00000m0OasIAE,2009-06-13,001Dx00001CwMTQIA3,Ecclesial Affiliations,Faculties (General),003dx00000m0oasiae20090613faculties(general)
012Dx0000007yIOIAY,003Dx00000m0OatIAE,2011-01-01,001Dx00001CwMTQIA3,Ecclesial Affiliations,Faculties (Confessional),003dx00000m0oatiae20110101faculties(confessional)
012Dx0000007yIOIAY,003Dx00000m0OauIAE,2017-03-01,001Dx00001Favy2IAB,Ecclesial Affiliations,Incardinated,003dx00000m0oauiae20170301incardinated
012Dx0000007yIOIAY,003Dx00000m0OawIAE,2006-12-09,001Dx00001CwMTQIA3,Ecclesial Affiliations,Faculties (Diaconal),003dx00000m0oawiae20061209faculties(diaconal)
012Dx0000007yIOIAY,003Dx00000m0OZ8IAM,2019-12-19,001Dx00001CwMTQIA3,Ecclesial Affiliations,Faculties (Withdrawn),003dx00000m0oz8iam20191219faculties(withdrawn)
012Dx0000007yIOIAY,003Dx00000m0Ob2IAE,2018-12-18,001Dx00001CwMTQIA3,Ecclesial Affiliations,Faculties (Withdrawn),003dx00000m0ob2iae20181218faculties(withdrawn)
012Dx0000007yIOIAY,003Dx00000m0Ob6IAE,2008-07-01,001Dx00001CwMTQIA3,Ecclesial Affiliations,Faculties (Confessional),003dx00000m0ob6iae20080701faculties(confessional)
012Dx0000007yIOIAY,003Dx00000m0ObMIAU,1989-07-15,001Dx00001CwMTQIA3,Ecclesial Affiliations,Faculties (General),003dx00000m0obmiau19890715faculties(general)
012Dx0000007yIOIAY,003Dx00000m0ObPIAU,2015-06-05,001Dx00001CwMTQIA3,Ecclesial Affiliations,Faculties (General),003dx00000m0obpiau20150605faculties(general)
012Dx0000007yIOIAY,003Dx00000m0OZUIA2,2023-10-28,001Dx00001CwMTQIA3,Ecclesial Affiliations,Faculties (Confessional),003dx00000m0ozuia220231028faculties(confessional)
012Dx0000007yIOIAY,003Dx00000m0OZkIAM,2016-08-01,001Dx00001CwMTQIA3,Ecclesial Affiliations,Faculties (General),003dx00000m0ozkiam20160801faculties(general)
012Dx0000007yIOIAY,003Dx00000m0ObjIAE,2020-01-02,001Dx00001CwMTQIA3,Ecclesial Affiliations,Faculties (Confessional),003dx00000m0objiae20200102faculties(confessional)
012Dx0000007yIOIAY,003Dx00000m0OXLIA2,1994-06-25,001Dx00001CwMTQIA3,Ecclesial Affiliations,Faculties (General),003dx00000m0oxlia219940625faculties(general)
012Dx0000007yIOIAY,003Dx00000m0ObnIAE,2012-06-29,001Dx00001CwMTQIA3,Ecclesial Affiliations,Faculties (Diaconal),003dx00000m0obniae20120629faculties(diaconal)
012Dx0000007yIOIAY,003Dx00000m0ObyIAE,2023-02-01,001Dx00001CwMTQIA3,Ecclesial Affiliations,Faculties (Confessional),003dx00000m0obyiae20230201faculties(confessional)
012Dx0000007yIOIAY,003Dx00000m0Oc5IAE,2015-06-05,001Dx00001CwMTQIA3,Ecclesial Affiliations,Faculties (General),003dx00000m0oc5iae20150605faculties(general)
012Dx0000007yIOIAY,003Dx00000m0Oc9IAE,2023-10-21,001Dx00001CwMTQIA3,Ecclesial Affiliations,Faculties (Diaconal),003dx00000m0oc9iae20231021faculties(diaconal)
012Dx0000007yIOIAY,003Dx00000m0OcKIAU,2021-01-19,001Dx00001CwMTQIA3,Ecclesial Affiliations,Faculties (General),003dx00000m0ockiau20210119faculties(general)
012Dx0000007yIOIAY,003Dx00000m0OXMIA2,2021-02-22,001Dx00001CwMTQIA3,Ecclesial Affiliations,Faculties (Confessional),003dx00000m0oxmia220210222faculties(confessional)
012Dx0000007yIOIAY,003Dx00000m0OXNIA2,2014-07-01,001Dx00001CwMTQIA3,Ecclesial Affiliations,Faculties (General),003dx00000m0oxnia220140701faculties(general)
012Dx0000007yIOIAY,003Dx00000m0OcFIAU,2013-06-08,001Dx00001CwMTQIA3,Ecclesial Affiliations,Faculties (General),003dx00000m0ocfiau20130608faculties(general)
012Dx0000007yIOIAY,003Dx00000m0OcWIAU,2023-07-01,001Dx00001CwMTQIA3,Ecclesial Affiliations,Faculties (General),003dx00000m0ocwiau20230701faculties(general)
012Dx0000007yIOIAY,003Dx00000m0OcYIAU,2011-01-01,001Dx00001CwMTQIA3,Ecclesial Affiliations,Faculties (Confessional),003dx00000m0ocyiau20110101faculties(confessional)
012Dx0000007yIOIAY,003Dx00000m0OciIAE,2019-08-01,001Dx00001CwMTQIA3,Ecclesial Affiliations,Faculties (Confessional),003dx00000m0ociiae20190801faculties(confessional)
012Dx0000007yIOIAY,003Dx00000m0OcmIAE,1999-06-12,001Dx00001CwMTQIA3,Ecclesial Affiliations,Faculties (General),003dx00000m0ocmiae19990612faculties(general)
012Dx0000007yIOIAY,003Dx00000m0OcsIAE,2020-07-31,001Dx00001CwMTQIA3,Ecclesial Affiliations,Faculties (General),003dx00000m0ocsiae20200731faculties(general)
012Dx0000007yIOIAY,003Dx00000m0OXPIA2,2011-09-20,001Dx00001FavyVIAR,Ecclesial Affiliations,Incardinated,003dx00000m0oxpia220110920incardinated
012Dx0000007yIOIAY,003Dx00000m0OXPIA2,2011-09-20,001Dx00001CwMTQIA3,Ecclesial Affiliations,Faculties (General),003dx00000m0oxpia220110920faculties(general)
012Dx0000007yIOIAY,003Dx00000m0OdFIAU,2007-11-03,001Dx00001CwMTQIA3,Ecclesial Affiliations,Faculties (Diaconal),003dx00000m0odfiau20071103faculties(diaconal)
012Dx0000007yIOIAY,003Dx00000m0OXQIA2,2022-07-01,001Dx00001CwMTQIA3,Ecclesial Affiliations,Faculties (Confessional),003dx00000m0oxqia220220701faculties(confessional)
012Dx0000007yIOIAY,003Dx00000m0OXRIA2,2015-06-05,001Dx00001CwMTQIA3,Ecclesial Affiliations,Faculties (General),003dx00000m0oxria220150605faculties(general)
012Dx0000007yIOIAY,003Dx00000m0OdPIAU,2012-10-15,001Dx00001FavyaIAB,Ecclesial Affiliations,Incardinated,003dx00000m0odpiau20121015incardinated
012Dx0000007yIOIAY,003Dx00000m0OdPIAU,2005-05-20,001Dx00001CwMTQIA3,Ecclesial Affiliations,Faculties (Diaconal),003dx00000m0odpiau20050520faculties(diaconal)
012Dx0000007yIOIAY,003Dx00000m0OdeIAE,2016-04-19,001Dx00001FavyfIAB,Ecclesial Affiliations,Incardinated,003dx00000m0odeiae20160419incardinated
012Dx0000007yIOIAY,003Dx00000m0OdfIAE,2016-12-15,001Dx00001CwMTQIA3,Ecclesial Affiliations,Faculties (Confessional),003dx00000m0odfiae20161215faculties(confessional)
012Dx0000007yIOIAY,003Dx00000m0OdjIAE,2023-10-12,001Dx00001CwMTQIA3,Ecclesial Affiliations,Faculties (Confessional),003dx00000m0odjiae20231012faculties(confessional)
012Dx0000007yIOIAY,003Dx00000m0OfMIAU,1977-09-24,001Dx00001CwMTQIA3,Ecclesial Affiliations,Faculties (General),003dx00000m0ofmiau19770924faculties(general)
012Dx0000007yIOIAY,003Dx00000m0OfOIAU,2008-10-25,001Dx00001CwMTQIA3,Ecclesial Affiliations,Faculties (Diaconal),003dx00000m0ofoiau20081025faculties(diaconal)
012Dx0000007yIOIAY,003Dx00000m0OfUIAU,2014-06-06,001Dx00001CwMTQIA3,Ecclesial Affiliations,Faculties (General),003dx00000m0ofuiau20140606faculties(general)
012Dx0000007yIOIAY,003Dx00000m0OfVIAU,2005-12-13,001Dx00001FavykIAB,Ecclesial Affiliations,Incardinated,003dx00000m0ofviau20051213incardinated
012Dx0000007yIOIAY,003Dx00000m0OfVIAU,1998-10-15,001Dx00001CwMTQIA3,Ecclesial Affiliations,Faculties (Diaconal),003dx00000m0ofviau19981015faculties(diaconal)
012Dx0000007yIOIAY,003Dx00000m0OfYIAU,2015-06-05,001Dx00001CwMTQIA3,Ecclesial Affiliations,Faculties (General),003dx00000m0ofyiau20150605faculties(general)
012Dx0000007yIOIAY,003Dx00000m0OgUIAU,2011-10-01,001Dx00001CwMTQIA3,Ecclesial Affiliations,Faculties (Diaconal),003dx00000m0oguiau20111001faculties(diaconal)
012Dx0000007yIOIAY,003Dx00000m0OjbIAE,2007-06-09,001Dx00001CwMTQIA3,Ecclesial Affiliations,Faculties (General),003dx00000m0ojbiae20070609faculties(general)
012Dx0000007yIOIAY,003Dx00000m0OfjIAE,1990-09-04,001Dx00001CwMTQIA3,Ecclesial Affiliations,Faculties (Confessional),003dx00000m0ofjiae19900904faculties(confessional)
012Dx0000007yIOIAY,003Dx00000m0OgCIAU,2021-06-17,001Dx00001CwMTQIA3,Ecclesial Affiliations,Faculties,003dx00000m0ogciau20210617faculties
012Dx0000007yIOIAY,003Dx00000m0OgCIAU,2022-05-04,001Dx00001CwMTQIA3,Ecclesial Affiliations,Faculties (Withdrawn),003dx00000m0ogciau20220504faculties(withdrawn)
012Dx0000007yIOIAY,003Dx00000m0OgIIAU,2002-12-23,001Dx00001CwMTQIA3,Ecclesial Affiliations,Faculties (Diaconal),003dx00000m0ogiiau20021223faculties(diaconal)
012Dx0000007yIOIAY,003Dx00000m0OgZIAU,2013-09-15,001Dx00001CwMTQIA3,Ecclesial Affiliations,Faculties (Confessional),003dx00000m0ogziau20130915faculties(confessional)
012Dx0000007yIOIAY,003Dx00000m0OgaIAE,2022-06-25,001Dx00001CwMTQIA3,Ecclesial Affiliations,Faculties (General),003dx00000m0ogaiae20220625faculties(general)
012Dx0000007yIOIAY,003Dx00000m0OgrIAE,2018-07-25,001Dx00001CwMTQIA3,Ecclesial Affiliations,Faculties (Confessional),003dx00000m0ogriae20180725faculties(confessional)
012Dx0000007yIOIAY,003Dx00000m0OgtIAE,2008-10-25,001Dx00001CwMTQIA3,Ecclesial Affiliations,Faculties (Diaconal),003dx00000m0ogtiae20081025faculties(diaconal)
012Dx0000007yIOIAY,003Dx00000m0OguIAE,2014-06-14,001Dx00001CwMTQIA3,Ecclesial Affiliations,Faculties (Confessional),003dx00000m0oguiae20140614faculties(confessional)
012Dx0000007yIOIAY,003Dx00000m0OgyIAE,2012-06-09,001Dx00001CwMTQIA3,Ecclesial Affiliations,Faculties (General),003dx00000m0ogyiae20120609faculties(general)
012Dx0000007yIOIAY,003Dx00000m0Oh0IAE,2019-10-06,001Dx00001CwMTQIA3,Ecclesial Affiliations,Faculties (Confessional),003dx00000m0oh0iae20191006faculties(confessional)
012Dx0000007yIOIAY,003Dx00000m0OXTIA2,2022-06-01,001Dx00001CwMTQIA3,Ecclesial Affiliations,Faculties (Confessional),003dx00000m0oxtia220220601faculties(confessional)
012Dx0000007yIOIAY,003Dx00000m0OhUIAU,1970-05-15,,Ecclesial Affiliations,Incardinated,003dx00000m0ohuiau19700515incardinated
012Dx0000007yIOIAY,003Dx00000m0OhUIAU,1970-08-15,001Dx00001CwMTQIA3,Ecclesial Affiliations,Faculties (General),003dx00000m0ohuiau19700815faculties(general)
012Dx0000007yIOIAY,003Dx00000m0OhbIAE,2021-06-15,001Dx00001CwMTQIA3,Ecclesial Affiliations,Faculties (Confessional),003dx00000m0ohbiae20210615faculties(confessional)
012Dx0000007yIOIAY,003Dx00000m0OXUIA2,2012-05-18,001Dx00001FavypIAB,Ecclesial Affiliations,Excardinated,003dx00000m0oxuia220120518excardinated
012Dx0000007yIOIAY,003Dx00000m0OhpIAE,2011-10-29,001Dx00001CwMTQIA3,Ecclesial Affiliations,Faculties (Diaconal),003dx00000m0ohpiae20111029faculties(diaconal)
012Dx0000007yIOIAY,003Dx00000m0OhvIAE,1993-11-05,001Dx00001CwMTQIA3,Ecclesial Affiliations,Faculties (Diaconal),003dx00000m0ohviae19931105faculties(diaconal)
012Dx0000007yIOIAY,003Dx00000m0OiAIAU,2023-09-30,001Dx00001CwMTQIA3,Ecclesial Affiliations,Faculties (Diaconal),003dx00000m0oiaiau20230930faculties(diaconal)
012Dx0000007yIOIAY,003Dx00000m0OiHIAU,1978-01-05,001Dx00001FavyzIAB,Ecclesial Affiliations,Incardinated,003dx00000m0oihiau19780105incardinated
012Dx0000007yIOIAY,003Dx00000m0OiIIAU,2018-05-19,001Dx00001CwMTQIA3,Ecclesial Affiliations,Faculties,003dx00000m0oiiiau20180519faculties
012Dx0000007yIOIAY,003Dx00000m0OiIIAU,2020-06-17,001Dx00001CwMTQIA3,Ecclesial Affiliations,Faculties (Withdrawn),003dx00000m0oiiiau20200617faculties(withdrawn)
012Dx0000007yIOIAY,003Dx00000m0OiKIAU,1997-11-29,001Dx00001CwMTQIA3,Ecclesial Affiliations,Faculties (Diaconal),003dx00000m0oikiau19971129faculties(diaconal)
012Dx0000007yIOIAY,003Dx00000m0OjDIAU,2015-10-24,001Dx00001CwMTQIA3,Ecclesial Affiliations,Faculties (Diaconal),003dx00000m0ojdiau20151024faculties(diaconal)
012Dx0000007yIOIAY,003Dx00000m0OjGIAU,2017-07-01,001Dx00001CwMTQIA3,Ecclesial Affiliations,Faculties (Confessional),003dx00000m0ojgiau20170701faculties(confessional)
012Dx0000007yIOIAY,003Dx00000m0OjJIAU,1984-06-09,001Dx00001CwMTQIA3,Ecclesial Affiliations,Faculties,003dx00000m0ojjiau19840609faculties
012Dx0000007yIOIAY,003Dx00000m0OimIAE,2020-02-18,001Dx00001CwMTQIA3,Ecclesial Affiliations,Faculties (Confessional),003dx00000m0oimiae20200218faculties(confessional)
012Dx0000007yIOIAY,003Dx00000m0OisIAE,2018-07-01,001Dx00001CwMTQIA3,Ecclesial Affiliations,Faculties (General),003dx00000m0oisiae20180701faculties(general)
012Dx0000007yIOIAY,003Dx00000m0OicIAE,1989-07-15,001Dx00001CwMTQIA3,Ecclesial Affiliations,Faculties (General),003dx00000m0oiciae19890715faculties(general)
012Dx0000007yIOIAY,003Dx00000m0OXVIA2,2019-10-06,001Dx00001CwMTQIA3,Ecclesial Affiliations,Faculties (Confessional),003dx00000m0oxvia220191006faculties(confessional)
012Dx0000007yIOIAY,003Dx00000m0OjNIAU,1986-11-07,001Dx00001CwMTQIA3,Ecclesial Affiliations,Faculties (General),003dx00000m0ojniau19861107faculties(general)
012Dx0000007yIOIAY,003Dx00000m0OjeIAE,2013-06-23,,Ecclesial Affiliations,Incardinated,003dx00000m0ojeiae20130623incardinated
012Dx0000007yIOIAY,003Dx00000m0OjeIAE,1973-06-23,001Dx00001CwMTQIA3,Ecclesial Affiliations,Faculties (General),003dx00000m0ojeiae19730623faculties(general)
012Dx0000007yIOIAY,003Dx00000m0OXWIA2,2018-12-18,001Dx00001CwMTQIA3,Ecclesial Affiliations,Faculties (General),003dx00000m0oxwia220181218faculties(general)
012Dx0000007yIOIAY,003Dx00000m0Oj4IAE,1993-10-25,001Dx00001CwMTQIA3,Ecclesial Affiliations,Faculties,003dx00000m0oj4iae19931025faculties
012Dx0000007yIOIAY,003Dx00000m0OjwIAE,2006-12-09,001Dx00001CwMTQIA3,Ecclesial Affiliations,Faculties (Diaconal),003dx00000m0ojwiae20061209faculties(diaconal)
012Dx0000007yIOIAY,003Dx00000m0Ok3IAE,2022-04-24,001Dx00001CwMTQIA3,Ecclesial Affiliations,Faculties (General),003dx00000m0ok3iae20220424faculties(general)
012Dx0000007yIOIAY,003Dx00000m0Ok7IAE,2021-12-01,001Dx00001CwMTQIA3,Ecclesial Affiliations,Faculties (General),003dx00000m0ok7iae20211201faculties(general)
012Dx0000007yIOIAY,003Dx00000m0OkAIAU,2011-10-29,001Dx00001CwMTQIA3,Ecclesial Affiliations,Faculties (Diaconal),003dx00000m0okaiau20111029faculties(diaconal)
012Dx0000007yIOIAY,003Dx00000m0OXXIA2,1995-07-21,001Dx00001CwMTQIA3,Ecclesial Affiliations,Faculties (Withdrawn),003dx00000m0oxxia219950721faculties(withdrawn)
012Dx0000007yIOIAY,003Dx00000m0OkKIAU,2018-06-02,001Dx00001CwMTQIA3,Ecclesial Affiliations,Faculties (General),003dx00000m0okkiau20180602faculties(general)
012Dx0000007yIOIAY,003Dx00000m0OXYIA2,1981-11-23,001Dx00001Favz4IAB,Ecclesial Affiliations,Incardinated,003dx00000m0oxyia219811123incardinated
012Dx0000007yIOIAY,003Dx00000m0OkUIAU,1998-10-23,001Dx00001CwMTQIA3,Ecclesial Affiliations,Faculties (Diaconal),003dx00000m0okuiau19981023faculties(diaconal)
012Dx0000007yIOIAY,003Dx00000m0OkXIAU,2022-05-11,001Dx00001CwMTQIA3,Ecclesial Affiliations,Faculties (Restricted),003dx00000m0okxiau20220511faculties(restricted)
012Dx0000007yIOIAY,003Dx00000m0OkdIAE,1999-10-01,001Dx00001Favz9IAB,Ecclesial Affiliations,Incardinated,003dx00000m0okdiae19991001incardinated
012Dx0000007yIOIAY,003Dx00000m0OkkIAE,1984-01-01,001Dx00001FavzEIAR,Ecclesial Affiliations,Incardinated,003dx00000m0okkiae19840101incardinated
012Dx0000007yIOIAY,003Dx00000m0OkkIAE,1995-07-01,001Dx00001FavyaIAB,Ecclesial Affiliations,Excardinated,003dx00000m0okkiae19950701excardinated
012Dx0000007yIOIAY,003Dx00000m0OkxIAE,2018-07-01,001Dx00001CwMTQIA3,Ecclesial Affiliations,Faculties (General),003dx00000m0okxiae20180701faculties(general)
012Dx0000007yIOIAY,003Dx00000m0OkyIAE,2014-03-28,001Dx00001FavzOIAR,Ecclesial Affiliations,Incardinated,003dx00000m0okyiae20140328incardinated
012Dx0000007yIOIAY,003Dx00000m0OlAIAU,2012-06-09,001Dx00001CwMTQIA3,Ecclesial Affiliations,Faculties (General),003dx00000m0olaiau20120609faculties(general)
012Dx0000007yIOIAY,003Dx00000m0OlFIAU,2014-02-28,001Dx00001CwMTQIA3,Ecclesial Affiliations,Faculties (Diaconal),003dx00000m0olfiau20140228faculties(diaconal)
012Dx0000007yIOIAY,003Dx00000m0OlGIAU,1900-01-01,001Dx00001CwMTQIA3,Ecclesial Affiliations,Faculties (Withdrawn),003dx00000m0olgiau19000101faculties(withdrawn)
012Dx0000007yIOIAY,003Dx00000m0OiPIAU,2020-02-18,001Dx00001CwMTQIA3,Ecclesial Affiliations,Faculties (Confessional),003dx00000m0oipiau20200218faculties(confessional)
012Dx0000007yIOIAY,003Dx00000m0OlTIAU,2006-12-09,001Dx00001CwMTQIA3,Ecclesial Affiliations,Faculties,003dx00000m0oltiau20061209faculties
012Dx0000007yIOIAY,003Dx00000m0OlTIAU,2014-06-02,001Dx00001CwMTQIA3,Ecclesial Affiliations,Faculties (Withdrawn),003dx00000m0oltiau20140602faculties(withdrawn)
012Dx0000007yIOIAY,003Dx00000m0OlhIAE,2022-08-01,001Dx00001CwMTQIA3,Ecclesial Affiliations,Faculties (General),003dx00000m0olhiae20220801faculties(general)
012Dx0000007yIOIAY,003Dx00000m0OlnIAE,2005-11-05,001Dx00001CwMTQIA3,Ecclesial Affiliations,Faculties (Diaconal),003dx00000m0olniae20051105faculties(diaconal)
012Dx0000007yIOIAY,003Dx00000m0OloIAE,2008-10-25,001Dx00001CwMTQIA3,Ecclesial Affiliations,Faculties (Diaconal),003dx00000m0oloiae20081025faculties(diaconal)
012Dx0000007yIOIAY,003Dx00000m0OlwIAE,2002-12-23,001Dx00001CwMTQIA3,Ecclesial Affiliations,Faculties (Diaconal),003dx00000m0olwiae20021223faculties(diaconal)
012Dx0000007yIOIAY,003Dx00000m0Om1IAE,2017-09-13,001Dx00001CwMTQIA3,Ecclesial Affiliations,Faculties (Confessional),003dx00000m0om1iae20170913faculties(confessional)
012Dx0000007yIOIAY,003Dx00000m0OlNIAU,2006-08-15,001Dx00001FavyQIAR,Ecclesial Affiliations,Excardinated,003dx00000m0olniau20060815excardinated
012Dx0000007yIOIAY,003Dx00000m0OlNIAU,2018-09-05,001Dx00001CwMTQIA3,Ecclesial Affiliations,Faculties (Confessional),003dx00000m0olniau20180905faculties(confessional)
012Dx0000007yIOIAY,003Dx00000m0OlOIAU,2021-09-10,001Dx00001CwMTQIA3,Ecclesial Affiliations,Faculties (Diaconal),003dx00000m0oloiau20210910faculties(diaconal)
012Dx0000007yIOIAY,003Dx00000m0OlPIAU,2023-10-28,001Dx00001CwMTQIA3,Ecclesial Affiliations,Faculties (Confessional),003dx00000m0olpiau20231028faculties(confessional)
012Dx0000007yIOIAY,003Dx00000m0Om5IAE,2022-09-01,001Dx00001CwMTQIA3,Ecclesial Affiliations,Faculties (General),003dx00000m0om5iae20220901faculties(general)
012Dx0000007yIOIAY,003Dx00000m0Om9IAE,2021-05-01,001Dx00001CwMTQIA3,Ecclesial Affiliations,Faculties (Confessional),003dx00000m0om9iae20210501faculties(confessional)
012Dx0000007yIOIAY,003Dx00000m0OmSIAU,2011-01-01,001Dx00001CwMTQIA3,Ecclesial Affiliations,Faculties (Confessional),003dx00000m0omsiau20110101faculties(confessional)
012Dx0000007yIOIAY,003Dx00000m0OmUIAU,1982-05-14,001Dx00001CwMTQIA3,Ecclesial Affiliations,Faculties (General),003dx00000m0omuiau19820514faculties(general)
012Dx0000007yIOIAY,003Dx00000m0OmZIAU,2008-10-25,001Dx00001CwMTQIA3,Ecclesial Affiliations,Faculties (Diaconal),003dx00000m0omziau20081025faculties(diaconal)
012Dx0000007yIOIAY,003Dx00000m0OmgIAE,1981-09-15,001Dx00001CwMTQIA3,Ecclesial Affiliations,Faculties (Confessional),003dx00000m0omgiae19810915faculties(confessional)
012Dx0000007yIOIAY,003Dx00000m0OmvIAE,1900-01-01,001Dx00001CwMTQIA3,Ecclesial Affiliations,Faculties (Withdrawn),003dx00000m0omviae19000101faculties(withdrawn)
012Dx0000007yIOIAY,003Dx00000m0OmwIAE,2015-02-03,001Dx00001CwMTQIA3,Ecclesial Affiliations,Faculties (General),003dx00000m0omwiae20150203faculties(general)
012Dx0000007yIOIAY,003Dx00000m0On1IAE,1998-03-20,001Dx00001CwMTQIA3,Ecclesial Affiliations,Faculties,003dx00000m0on1iae19980320faculties
012Dx0000007yIOIAY,003Dx00000m0On2IAE,2011-05-21,001Dx00001CwMTQIA3,Ecclesial Affiliations,Faculties (Diaconal),003dx00000m0on2iae20110521faculties(diaconal)
012Dx0000007yIOIAY,003Dx00000m0On8IAE,2009-02-25,001Dx00001CwMTQIA3,Ecclesial Affiliations,Faculties (Withdrawn),003dx00000m0on8iae20090225faculties(withdrawn)
012Dx0000007yIOIAY,003Dx00000m0On9IAE,2022-09-29,001Dx00001CwMTQIA3,Ecclesial Affiliations,Faculties (Diaconal),003dx00000m0on9iae20220929faculties(diaconal)
012Dx0000007yIOIAY,003Dx00000m0OnBIAU,2022-07-01,001Dx00001CwMTQIA3,Ecclesial Affiliations,Faculties (General),003dx00000m0onbiau20220701faculties(general)
012Dx0000007yIOIAY,003Dx00000m0OnLIAU,2019-04-24,001Dx00001CwMTQIA3,Ecclesial Affiliations,Faculties (Confessional),003dx00000m0onliau20190424faculties(confessional)
012Dx0000007yIOIAY,003Dx00000m0OnMIAU,2022-09-29,001Dx00001CwMTQIA3,Ecclesial Affiliations,Faculties (Diaconal),003dx00000m0onmiau20220929faculties(diaconal)
012Dx0000007yIOIAY,003Dx00000m0OnNIAU,2005-11-05,001Dx00001CwMTQIA3,Ecclesial Affiliations,Faculties (Diaconal),003dx00000m0onniau20051105faculties(diaconal)
012Dx0000007yIOIAY,003Dx00000m0OnXIAU,2012-06-09,001Dx00001CwMTQIA3,Ecclesial Affiliations,Faculties (General),003dx00000m0onxiau20120609faculties(general)
012Dx0000007yIOIAY,003Dx00000m0OncIAE,2024-01-15,001Dx00001CwMTQIA3,Ecclesial Affiliations,Faculties (Confessional),003dx00000m0onciae20240115faculties(confessional)
012Dx0000007yIOIAY,003Dx00000m0OnkIAE,2006-12-09,001Dx00001CwMTQIA3,Ecclesial Affiliations,Faculties (Diaconal),003dx00000m0onkiae20061209faculties(diaconal)
012Dx0000007yIOIAY,003Dx00000m0OnnIAE,2009-06-13,001Dx00001CwMTQIA3,Ecclesial Affiliations,Faculties (General),003dx00000m0onniae20090613faculties(general)
012Dx0000007yIOIAY,003Dx00000m0OnsIAE,2004-11-01,001Dx00001CwMTQIA3,Ecclesial Affiliations,Faculties (Diaconal),003dx00000m0onsiae20041101faculties(diaconal)
012Dx0000007yIOIAY,003Dx00000m0OnuIAE,2004-11-01,001Dx00001CwMTQIA3,Ecclesial Affiliations,Faculties (Diaconal),003dx00000m0onuiae20041101faculties(diaconal)
012Dx0000007yIOIAY,003Dx00000m0Oo2IAE,2020-07-07,001Dx00001CwMTQIA3,Ecclesial Affiliations,Faculties (Confessional),003dx00000m0oo2iae20200707faculties(confessional)
012Dx0000007yIOIAY,003Dx00000m0OoCIAU,1900-01-01,001Dx00001CwMTQIA3,Ecclesial Affiliations,Faculties (Withdrawn),003dx00000m0oociau19000101faculties(withdrawn)
012Dx0000007yIOIAY,003Dx00000m0OoQIAU,2019-04-03,001Dx00001CwMTQIA3,Ecclesial Affiliations,Faculties (Confessional),003dx00000m0ooqiau20190403faculties(confessional)
012Dx0000007yIOIAY,003Dx00000m0OoWIAU,2018-07-01,001Dx00001CwMTQIA3,Ecclesial Affiliations,Faculties (General),003dx00000m0oowiau20180701faculties(general)
012Dx0000007yIOIAY,003Dx00000m0OoYIAU,1996-04-23,001Dx00001CwMTQIA3,Ecclesial Affiliations,Faculties (Diaconal),003dx00000m0ooyiau19960423faculties(diaconal)
012Dx0000007yIOIAY,003Dx00000m0OobIAE,2017-04-18,001Dx00001CwMTQIA3,Ecclesial Affiliations,Faculties (Withdrawn),003dx00000m0oobiae20170418faculties(withdrawn)
012Dx0000007yIOIAY,003Dx00000m0OokIAE,2006-08-08,001Dx00001Favz4IAB,Ecclesial Affiliations,Incardinated,003dx00000m0ookiae20060808incardinated
012Dx0000007yIOIAY,003Dx00000m0OpLIAU,2015-06-05,001Dx00001CwMTQIA3,Ecclesial Affiliations,Faculties (General),003dx00000m0opliau20150605faculties(general)
012Dx0000007yIOIAY,003Dx00000m0Or6IAE,2021-06-26,001Dx00001CwMTQIA3,Ecclesial Affiliations,Faculties (General),003dx00000m0or6iae20210626faculties(general)
012Dx0000007yIOIAY,003Dx00000m0Or8IAE,2015-07-15,001Dx00001CwMTQIA3,Ecclesial Affiliations,Faculties (General),003dx00000m0or8iae20150715faculties(general)
012Dx0000007yIOIAY,003Dx00000m0OrCIAU,2023-10-15,001Dx00001CwMTQIA3,Ecclesial Affiliations,Faculties (Confessional),003dx00000m0orciau20231015faculties(confessional)
012Dx0000007yIOIAY,003Dx00000m0OrHIAU,2016-06-04,001Dx00001CwMTQIA3,Ecclesial Affiliations,Faculties (General),003dx00000m0orhiau20160604faculties(general)
012Dx0000007yIOIAY,003Dx00000m0OrJIAU,2011-10-29,001Dx00001CwMTQIA3,Ecclesial Affiliations,Faculties (Diaconal),003dx00000m0orjiau20111029faculties(diaconal)
012Dx0000007yIOIAY,003Dx00000m0OrXIAU,2022-06-24,001Dx00001CwMTQIA3,Ecclesial Affiliations,Faculties (General),003dx00000m0orxiau20220624faculties(general)
012Dx0000007yIOIAY,003Dx00000m0OrYIAU,2018-07-01,001Dx00001CwMTQIA3,Ecclesial Affiliations,Faculties (General),003dx00000m0oryiau20180701faculties(general)
012Dx0000007yIOIAY,003Dx00000m0OrbIAE,2006-06-10,001Dx00001CwMTQIA3,Ecclesial Affiliations,Faculties (General),003dx00000m0orbiae20060610faculties(general)
012Dx0000007yIOIAY,003Dx00000m0OrlIAE,2007-11-03,001Dx00001CwMTQIA3,Ecclesial Affiliations,Faculties (Diaconal),003dx00000m0orliae20071103faculties(diaconal)
012Dx0000007yIOIAY,003Dx00000m0OrnIAE,2011-06-04,001Dx00001CwMTQIA3,Ecclesial Affiliations,Faculties (General),003dx00000m0orniae20110604faculties(general)
012Dx0000007yIOIAY,003Dx00000m0OrrIAE,2012-08-01,001Dx00001CwMTQIA3,Ecclesial Affiliations,Faculties (Confessional),003dx00000m0orriae20120801faculties(confessional)
012Dx0000007yIOIAY,003Dx00000m0Os4IAE,2023-12-13,001Dx00001CwMTQIA3,Ecclesial Affiliations,Faculties (Confessional),003dx00000m0os4iae20231213faculties(confessional)
012Dx0000007yIOIAY,003Dx00000m0Os8IAE,2011-10-29,001Dx00001CwMTQIA3,Ecclesial Affiliations,Faculties (Diaconal),003dx00000m0os8iae20111029faculties(diaconal)
012Dx0000007yIOIAY,003Dx00000m0Os9IAE,2010-03-31,001Dx00001FavzTIAR,Ecclesial Affiliations,Incardinated,003dx00000m0os9iae20100331incardinated
012Dx0000007yIOIAY,003Dx00000m0cwDIAQ,2003-02-17,001Dx00001CwMTQIA3,Ecclesial Affiliations,Faculties (General),003dx00000m0cwdiaq20030217faculties(general)
012Dx0000007yIOIAY,003Dx00000m0OsKIAU,2019-02-18,001Dx00001CwMTQIA3,Ecclesial Affiliations,Faculties (Withdrawn),003dx00000m0oskiau20190218faculties(withdrawn)
012Dx0000007yIOIAY,003Dx00000m0OsNIAU,2006-02-28,001Dx00001CwMTQIA3,Ecclesial Affiliations,Faculties (Confessional),003dx00000m0osniau20060228faculties(confessional)
012Dx0000007yIOIAY,003Dx00000m0OsQIAU,2007-10-01,001Dx00001FavzYIAR,Ecclesial Affiliations,Incardinated,003dx00000m0osqiau20071001incardinated
012Dx0000007yIOIAY,003Dx00000m0OsQIAU,1998-01-05,001Dx00001CwMTQIA3,Ecclesial Affiliations,Faculties (Diaconal),003dx00000m0osqiau19980105faculties(diaconal)
012Dx0000007yIOIAY,003Dx00000m0OsWIAU,2021-03-25,001Dx00001CwMTQIA3,Ecclesial Affiliations,Faculties (Confessional),003dx00000m0oswiau20210325faculties(confessional)
012Dx0000007yIOIAY,003Dx00000m0OsZIAU,2022-07-01,001Dx00001CwMTQIA3,Ecclesial Affiliations,Faculties (Confessional),003dx00000m0osziau20220701faculties(confessional)
012Dx0000007yIOIAY,003Dx00000m0OsaIAE,2012-06-09,001Dx00001CwMTQIA3,Ecclesial Affiliations,Faculties,003dx00000m0osaiae20120609faculties
012Dx0000007yIOIAY,003Dx00000m0OpjIAE,1900-01-01,001Dx00001CwMTQIA3,Ecclesial Affiliations,Faculties (Withdrawn),003dx00000m0opjiae19000101faculties(withdrawn)
012Dx0000007yIOIAY,003Dx00000m0OplIAE,2010-06-05,001Dx00001CwMTQIA3,Ecclesial Affiliations,Faculties (General),003dx00000m0opliae20100605faculties(general)
012Dx0000007yIOIAY,003Dx00000m0OpmIAE,2023-08-27,001Dx00001CwMTQIA3,Ecclesial Affiliations,Faculties (Diaconal),003dx00000m0opmiae20230827faculties(diaconal)
012Dx0000007yIOIAY,003Dx00000m0OpnIAE,2013-06-08,001Dx00001CwMTQIA3,Ecclesial Affiliations,Faculties (General),003dx00000m0opniae20130608faculties(general)
012Dx0000007yIOIAY,003Dx00000m0OprIAE,2023-07-01,001Dx00001CwMTQIA3,Ecclesial Affiliations,Faculties (General),003dx00000m0opriae20230701faculties(general)
012Dx0000007yIOIAY,003Dx00000m0OptIAE,2007-11-03,001Dx00001CwMTQIA3,Ecclesial Affiliations,Faculties (Diaconal),003dx00000m0optiae20071103faculties(diaconal)
012Dx0000007yIOIAY,003Dx00000m0OpxIAE,1983-05-27,001Dx00001CwMTQIA3,Ecclesial Affiliations,Faculties (General),003dx00000m0opxiae19830527faculties(general)
012Dx0000007yIOIAY,003Dx00000m0OpyIAE,1991-09-13,001Dx00001CwMTQIA3,Ecclesial Affiliations,Faculties (General),003dx00000m0opyiae19910913faculties(general)
012Dx0000007yIOIAY,003Dx00000m0Oq1IAE,2017-12-01,001Dx00001CwMTQIA3,Ecclesial Affiliations,Faculties (General),003dx00000m0oq1iae20171201faculties(general)
012Dx0000007yIOIAY,003Dx00000m0OqEIAU,2020-08-01,001Dx00001CwMTQIA3,Ecclesial Affiliations,Faculties (Confessional),003dx00000m0oqeiau20200801faculties(confessional)
012Dx0000007yIOIAY,003Dx00000m0OqJIAU,2003-07-01,001Dx00001CwMTQIA3,Ecclesial Affiliations,Faculties (Confessional),003dx00000m0oqjiau20030701faculties(confessional)
012Dx0000007yIOIAY,003Dx00000m0OqKIAU,2005-11-05,001Dx00001CwMTQIA3,Ecclesial Affiliations,Faculties (Diaconal),003dx00000m0oqkiau20051105faculties(diaconal)
012Dx0000007yIOIAY,003Dx00000m0OqQIAU,2008-07-01,001Dx00001CwMTQIA3,Ecclesial Affiliations,Faculties (Confessional),003dx00000m0oqqiau20080701faculties(confessional)
012Dx0000007yIOIAY,003Dx00000m0OqZIAU,1993-06-12,001Dx00001CwMTQIA3,Ecclesial Affiliations,Faculties (Confessional),003dx00000m0oqziau19930612faculties(confessional)
012Dx0000007yIOIAY,003Dx00000m0OqlIAE,2023-06-12,001Dx00001CwMTQIA3,Ecclesial Affiliations,Faculties (Confessional),003dx00000m0oqliae20230612faculties(confessional)
012Dx0000007yIOIAY,003Dx00000m0OqpIAE,2023-08-15,001Dx00001CwMTQIA3,Ecclesial Affiliations,Faculties (Confessional),003dx00000m0oqpiae20230815faculties(confessional)
012Dx0000007yIOIAY,003Dx00000m0OqwIAE,2016-06-01,001Dx00001CwMTQIA3,Ecclesial Affiliations,Faculties (Confessional),003dx00000m0oqwiae20160601faculties(confessional)
012Dx0000007yIOIAY,003Dx00000m0OuPIAU,2012-11-03,001Dx00001CwMTQIA3,Ecclesial Affiliations,Faculties (Diaconal),003dx00000m0oupiau20121103faculties(diaconal)
012Dx0000007yIOIAY,003Dx00000m0OuQIAU,2009-01-09,001Dx00001CwMTQIA3,Ecclesial Affiliations,Faculties (Confessional),003dx00000m0ouqiau20090109faculties(confessional)
012Dx0000007yIOIAY,003Dx00000m0OuRIAU,2016-07-01,001Dx00001CwMTQIA3,Ecclesial Affiliations,Faculties (Confessional),003dx00000m0ouriau20160701faculties(confessional)
012Dx0000007yIOIAY,003Dx00000m0OuSIAU,2001-07-20,001Dx00001CwMTQIA3,Ecclesial Affiliations,Faculties,003dx00000m0ousiau20010720faculties
012Dx0000007yIOIAY,003Dx00000m0OubIAE,1900-01-01,001Dx00001CwMTQIA3,Ecclesial Affiliations,Faculties (Withdrawn),003dx00000m0oubiae19000101faculties(withdrawn)
012Dx0000007yIOIAY,003Dx00000m0OulIAE,2021-09-09,001Dx00001CwMTQIA3,Ecclesial Affiliations,Faculties (Diaconal),003dx00000m0ouliae20210909faculties(diaconal)
012Dx0000007yIOIAY,003Dx00000m0OumIAE,2009-09-17,001Dx00001FavwQIAR,Ecclesial Affiliations,Incardinated,003dx00000m0oumiae20090917incardinated
012Dx0000007yIOIAY,003Dx00000m0Ov9IAE,2012-07-02,001Dx00001CwMTQIA3,Ecclesial Affiliations,Faculties (General),003dx00000m0ov9iae20120702faculties(general)
012Dx0000007yIOIAY,003Dx00000m0OvGIAU,2013-06-08,001Dx00001CwMTQIA3,Ecclesial Affiliations,Faculties (General),003dx00000m0ovgiau20130608faculties(general)
012Dx0000007yIOIAY,003Dx00000m0OvNIAU,1970-10-18,001Dx00001CwMTQIA3,Ecclesial Affiliations,Faculties (General),003dx00000m0ovniau19701018faculties(general)
012Dx0000007yIOIAY,003Dx00000m0OvaIAE,2023-10-09,001Dx00001CwMTQIA3,Ecclesial Affiliations,Faculties (Diaconal),003dx00000m0ovaiae20231009faculties(diaconal)
012Dx0000007yIOIAY,003Dx00000m0OveIAE,2011-10-29,001Dx00001CwMTQIA3,Ecclesial Affiliations,Faculties,003dx00000m0oveiae20111029faculties
012Dx0000007yIOIAY,003Dx00000m0OveIAE,2021-06-03,001Dx00001CwMTQIA3,Ecclesial Affiliations,Faculties (Withdrawn),003dx00000m0oveiae20210603faculties(withdrawn)
012Dx0000007yIOIAY,003Dx00000m0OvhIAE,1999-06-12,001Dx00001CwMTQIA3,Ecclesial Affiliations,Faculties (General),003dx00000m0ovhiae19990612faculties(general)
012Dx0000007yIOIAY,003Dx00000m0OvkIAE,2013-06-08,001Dx00001CwMTQIA3,Ecclesial Affiliations,Faculties,003dx00000m0ovkiae20130608faculties
012Dx0000007yIOIAY,003Dx00000m0OvkIAE,2023-11-20,001Dx00001CwMTQIA3,Ecclesial Affiliations,Faculties (Withdrawn),003dx00000m0ovkiae20231120faculties(withdrawn)
012Dx0000007yIOIAY,003Dx00000m0OvlIAE,2015-06-08,001Dx00001CwMTQIA3,Ecclesial Affiliations,Faculties (Restricted),003dx00000m0ovliae20150608faculties(restricted)
012Dx0000007yIOIAY,003Dx00000m0OvmIAE,2021-06-26,001Dx00001CwMTQIA3,Ecclesial Affiliations,Faculties (General),003dx00000m0ovmiae20210626faculties(general)
012Dx0000007yIOIAY,003Dx00000m0OvoIAE,2023-06-03,001Dx00001CwMTQIA3,Ecclesial Affiliations,Faculties (General),003dx00000m0ovoiae20230603faculties(general)
012Dx0000007yIOIAY,003Dx00000m0OvwIAE,2018-03-19,001Dx00001CwMTQIA3,Ecclesial Affiliations,Faculties,003dx00000m0ovwiae20180319faculties
012Dx0000007yIOIAY,003Dx00000m0OvxIAE,2013-06-08,001Dx00001CwMTQIA3,Ecclesial Affiliations,Faculties (General),003dx00000m0ovxiae20130608faculties(general)
012Dx0000007yIOIAY,003Dx00000m0Ow5IAE,2000-07-01,001Dx00001CwMTQIA3,Ecclesial Affiliations,Faculties (General),003dx00000m0ow5iae20000701faculties(general)
012Dx0000007yIOIAY,003Dx00000m0OwGIAU,2011-01-01,001Dx00001CwMTQIA3,Ecclesial Affiliations,Faculties,003dx00000m0owgiau20110101faculties
012Dx0000007yIOIAY,003Dx00000m0OwOIAU,1963-05-25,001Dx00001CwMTQIA3,Ecclesial Affiliations,Faculties,003dx00000m0owoiau19630525faculties
012Dx0000007yIOIAY,003Dx00000m0OwPIAU,2010-09-23,001Dx00001CwMTQIA3,Ecclesial Affiliations,Faculties (Confessional),003dx00000m0owpiau20100923faculties(confessional)
012Dx0000007yIOIAY,003Dx00000m0OwQIAU,1973-06-23,001Dx00001CwMTQIA3,Ecclesial Affiliations,Faculties (General),003dx00000m0owqiau19730623faculties(general)
012Dx0000007yIOIAY,003Dx00000m0OwXIAU,2019-04-01,001Dx00001CwMTQIA3,Ecclesial Affiliations,Faculties (General),003dx00000m0owxiau20190401faculties(general)
012Dx0000007yIOIAY,003Dx00000m0OwbIAE,1900-01-01,001Dx00001CwMTQIA3,Ecclesial Affiliations,Faculties (Withdrawn),003dx00000m0owbiae19000101faculties(withdrawn)
012Dx0000007yIOIAY,003Dx00000m0OwfIAE,2013-02-01,001Dx00001FavzdIAB,Ecclesial Affiliations,Incardinated,003dx00000m0owfiae20130201incardinated
012Dx0000007yIOIAY,003Dx00000m0OwfIAE,2016-01-13,001Dx00001CwMTQIA3,Ecclesial Affiliations,Faculties (General),003dx00000m0owfiae20160113faculties(general)
012Dx0000007yIOIAY,003Dx00000m0OwgIAE,2022-07-01,001Dx00001CwMTQIA3,Ecclesial Affiliations,Faculties (General),003dx00000m0owgiae20220701faculties(general)
012Dx0000007yIOIAY,003Dx00000m0OwtIAE,1997-11-29,001Dx00001CwMTQIA3,Ecclesial Affiliations,Faculties (Diaconal),003dx00000m0owtiae19971129faculties(diaconal)
012Dx0000007yIOIAY,003Dx00000m0OwuIAE,1940-08-30,001Dx00001CwMTQIA3,Ecclesial Affiliations,Faculties,003dx00000m0owuiae19400830faculties
012Dx0000007yIOIAY,003Dx00000m0OwuIAE,2006-07-01,001Dx00001CwMTQIA3,Ecclesial Affiliations,Faculties (Withdrawn),003dx00000m0owuiae20060701faculties(withdrawn)
012Dx0000007yIOIAY,003Dx00000m0Ox6IAE,2009-06-13,001Dx00001CwMTQIA3,Ecclesial Affiliations,Faculties (General),003dx00000m0ox6iae20090613faculties(general)
012Dx0000007yIOIAY,003Dx00000m0OxFIAU,2018-07-01,001Dx00001FavziIAB,Ecclesial Affiliations,Incardinated,003dx00000m0oxfiau20180701incardinated
012Dx0000007yIOIAY,003Dx00000m0OxGIAU,2011-10-29,001Dx00001CwMTQIA3,Ecclesial Affiliations,Faculties (Diaconal),003dx00000m0oxgiau20111029faculties(diaconal)
012Dx0000007yIOIAY,003Dx00000m0OxRIAU,1996-07-12,001Dx00001CwMTQIA3,Ecclesial Affiliations,Faculties (General),003dx00000m0oxriau19960712faculties(general)
012Dx0000007yIOIAY,003Dx00000m0OsiIAE,2018-01-01,001Dx00001CwMTQIA3,Ecclesial Affiliations,Faculties (General),003dx00000m0osiiae20180101faculties(general)
012Dx0000007yIOIAY,003Dx00000m0OsoIAE,1900-01-01,001Dx00001CwMTQIA3,Ecclesial Affiliations,Faculties (Withdrawn),003dx00000m0osoiae19000101faculties(withdrawn)
012Dx0000007yIOIAY,003Dx00000m0OspIAE,2019-06-15,001Dx00001CwMTQIA3,Ecclesial Affiliations,Faculties (General),003dx00000m0ospiae20190615faculties(general)
012Dx0000007yIOIAY,003Dx00000m0OstIAE,1900-01-01,001Dx00001CwMTQIA3,Ecclesial Affiliations,Faculties (Withdrawn),003dx00000m0ostiae19000101faculties(withdrawn)
012Dx0000007yIOIAY,003Dx00000m0OswIAE,2019-05-25,001Dx00001CwMTQIA3,Ecclesial Affiliations,Faculties (General),003dx00000m0oswiae20190525faculties(general)
012Dx0000007yIOIAY,003Dx00000m0OtCIAU,1900-01-01,001Dx00001CwMTQIA3,Ecclesial Affiliations,Faculties (Withdrawn),003dx00000m0otciau19000101faculties(withdrawn)
012Dx0000007yIOIAY,003Dx00000m0OtUIAU,2019-06-15,001Dx00001CwMTQIA3,Ecclesial Affiliations,Faculties (General),003dx00000m0otuiau20190615faculties(general)
012Dx0000007yIOIAY,003Dx00000m0OtaIAE,1985-10-04,001Dx00001CwMTQIA3,Ecclesial Affiliations,Faculties (General),003dx00000m0otaiae19851004faculties(general)
012Dx0000007yIOIAY,003Dx00000m0OtkIAE,1997-10-15,001Dx00001CwMTQIA3,Ecclesial Affiliations,Faculties (Withdrawn),003dx00000m0otkiae19971015faculties(withdrawn)
012Dx0000007yIOIAY,003Dx00000m0OtmIAE,2021-05-01,001Dx00001CwMTQIA3,Ecclesial Affiliations,Faculties (Confessional),003dx00000m0otmiae20210501faculties(confessional)
012Dx0000007yIOIAY,003Dx00000m0OtsIAE,2018-07-15,001Dx00001CwMTQIA3,Ecclesial Affiliations,Faculties (Confessional),003dx00000m0otsiae20180715faculties(confessional)
012Dx0000007yIOIAY,003Dx00000m0OttIAE,1996-07-12,001Dx00001CwMTQIA3,Ecclesial Affiliations,Faculties (General),003dx00000m0ottiae19960712faculties(general)
012Dx0000007yIOIAY,003Dx00000m0Ou0IAE,2004-11-01,001Dx00001CwMTQIA3,Ecclesial Affiliations,Faculties (Confessional),003dx00000m0ou0iae20041101faculties(confessional)
012Dx0000007yIOIAY,003Dx00000m0OuAIAU,2023-06-03,001Dx00001CwMTQIA3,Ecclesial Affiliations,Faculties (General),003dx00000m0ouaiau20230603faculties(general)
012Dx0000007yIOIAY,003Dx00000m0OxaIAE,2010-11-06,001Dx00001CwMTQIA3,Ecclesial Affiliations,Faculties (Diaconal),003dx00000m0oxaiae20101106faculties(diaconal)
012Dx0000007yIOIAY,003Dx00000m0OxbIAE,2016-04-26,001Dx00001CwMTQIA3,Ecclesial Affiliations,Faculties (Confessional),003dx00000m0oxbiae20160426faculties(confessional)
012Dx0000007yIOIAY,003Dx00000m0OxeIAE,1997-11-29,001Dx00001CwMTQIA3,Ecclesial Affiliations,Faculties,003dx00000m0oxeiae19971129faculties
012Dx0000007yIOIAY,003Dx00000m0OxlIAE,2013-10-26,001Dx00001CwMTQIA3,Ecclesial Affiliations,Faculties (Diaconal),003dx00000m0oxliae20131026faculties(diaconal)
012Dx0000007yIOIAY,003Dx00000m0OxsIAE,2022-07-31,001Dx00001CwMTQIA3,Ecclesial Affiliations,Faculties (Confessional),003dx00000m0oxsiae20220731faculties(confessional)
012Dx0000007yIOIAY,003Dx00000m0OxyIAE,2022-08-15,001Dx00001CwMTQIA3,Ecclesial Affiliations,Faculties (General),003dx00000m0oxyiae20220815faculties(general)
012Dx0000007yIOIAY,003Dx00000m0OxzIAE,2015-06-05,001Dx00001CwMTQIA3,Ecclesial Affiliations,Faculties (General),003dx00000m0oxziae20150605faculties(general)
012Dx0000007yIOIAY,003Dx00000m0Oy2IAE,2023-10-15,001Dx00001CwMTQIA3,Ecclesial Affiliations,Faculties (Confessional),003dx00000m0oy2iae20231015faculties(confessional)
012Dx0000007yIOIAY,003Dx00000m0Oy3IAE,2012-06-09,001Dx00001CwMTQIA3,Ecclesial Affiliations,Faculties (General),003dx00000m0oy3iae20120609faculties(general)
012Dx0000007yIOIAY,003Dx00000m0Oy5IAE,2019-09-11,001Dx00001CwMTQIA3,Ecclesial Affiliations,Faculties (General),003dx00000m0oy5iae20190911faculties(general)
012Dx0000007yIOIAY,003Dx00000m0Oy7IAE,2020-07-01,001Dx00001CwMTQIA3,Ecclesial Affiliations,Faculties (General),003dx00000m0oy7iae20200701faculties(general)
012Dx0000007yIOIAY,003Dx00000m0OyBIAU,2021-08-15,001Dx00001CwMTQIA3,Ecclesial Affiliations,Faculties (General),003dx00000m0oybiau20210815faculties(general)
012Dx0000007yIOIAY,003Dx00000m0OyEIAU,2023-05-20,001Dx00001CwMTQIA3,Ecclesial Affiliations,Faculties (Diaconal),003dx00000m0oyeiau20230520faculties(diaconal)
012Dx0000007yIOIAY,003Dx00000m0OyRIAU,2009-06-13,001Dx00001CwMTQIA3,Ecclesial Affiliations,Faculties (General),003dx00000m0oyriau20090613faculties(general)
012Dx0000007yIOIAY,003Dx00000m0OySIAU,2015-06-15,001Dx00001CwMTQIA3,Ecclesial Affiliations,Faculties (General),003dx00000m0oysiau20150615faculties(general)
012Dx0000007yIOIAY,003Dx00000m0OyaIAE,2011-10-31,001Dx00001CwMTQIA3,Ecclesial Affiliations,Faculties (Withdrawn),003dx00000m0oyaiae20111031faculties(withdrawn)
012Dx0000007yIOIAY,003Dx00000m0OydIAE,1976-01-08,001Dx00001FavznIAB,Ecclesial Affiliations,Incardinated,003dx00000m0oydiae19760108incardinated
012Dx0000007yIOIAY,003Dx00000m0OyiIAE,1900-01-01,001Dx00001CwMTQIA3,Ecclesial Affiliations,Faculties (Withdrawn),003dx00000m0oyiiae19000101faculties(withdrawn)
012Dx0000007yIOIAY,003Dx00000m0OymIAE,2009-06-13,001Dx00001CwMTQIA3,Ecclesial Affiliations,Faculties (General),003dx00000m0oymiae20090613faculties(general)
012Dx0000007yIOIAY,003Dx00000m0OysIAE,2014-06-06,001Dx00001CwMTQIA3,Ecclesial Affiliations,Faculties (General),003dx00000m0oysiae20140606faculties(general)
012Dx0000007yIOIAY,003Dx00000m0Oz0IAE,2019-10-01,001Dx00001CwMTQIA3,Ecclesial Affiliations,Faculties (Confessional),003dx00000m0oz0iae20191001faculties(confessional)
012Dx0000007yIOIAY,003Dx00000m0Oz3IAE,2018-06-02,001Dx00001CwMTQIA3,Ecclesial Affiliations,Faculties (General),003dx00000m0oz3iae20180602faculties(general)
012Dx0000007yIOIAY,003Dx00000m0Oz5IAE,2023-06-12,001Dx00001CwMTQIA3,Ecclesial Affiliations,Faculties (Confessional),003dx00000m0oz5iae20230612faculties(confessional)
012Dx0000007yIOIAY,003Dx00000m0OzFIAU,1991-11-08,001Dx00001CwMTQIA3,Ecclesial Affiliations,Faculties,003dx00000m0ozfiau19911108faculties
012Dx0000007yIOIAY,003Dx00000m0OzJIAU,2012-06-09,001Dx00001CwMTQIA3,Ecclesial Affiliations,Faculties (General),003dx00000m0ozjiau20120609faculties(general)
012Dx0000007yIOIAY,003Dx00000m0OzLIAU,1900-01-01,001Dx00001CwMTQIA3,Ecclesial Affiliations,Faculties (Withdrawn),003dx00000m0ozliau19000101faculties(withdrawn)
012Dx0000007yIOIAY,003Dx00000m0OzYIAU,1993-11-05,001Dx00001CwMTQIA3,Ecclesial Affiliations,Faculties (Diaconal),003dx00000m0ozyiau19931105faculties(diaconal)
012Dx0000007yIOIAY,003Dx00000m0OzgIAE,2012-07-01,001Dx00001CwMTQIA3,Ecclesial Affiliations,Faculties (General),003dx00000m0ozgiae20120701faculties(general)
012Dx0000007yIOIAY,003Dx00000m0P05IAE,2022-07-01,001Dx00001CwMTQIA3,Ecclesial Affiliations,Faculties (Confessional),003dx00000m0p05iae20220701faculties(confessional)
012Dx0000007yIOIAY,003Dx00000m0P08IAE,2015-10-24,001Dx00001CwMTQIA3,Ecclesial Affiliations,Faculties (Diaconal),003dx00000m0p08iae20151024faculties(diaconal)
012Dx0000007yIOIAY,003Dx00000m0P0AIAU,2018-01-01,001Dx00001CwMTQIA3,Ecclesial Affiliations,Faculties (General),003dx00000m0p0aiau20180101faculties(general)
012Dx0000007yIOIAY,003Dx00000m0P0HIAU,1997-11-29,001Dx00001CwMTQIA3,Ecclesial Affiliations,Faculties (Diaconal),003dx00000m0p0hiau19971129faculties(diaconal)
012Dx0000007yIOIAY,003Dx00000m0P0LIAU,1997-11-29,001Dx00001CwMTQIA3,Ecclesial Affiliations,Faculties (Diaconal),003dx00000m0p0liau19971129faculties(diaconal)
012Dx0000007yIOIAY,003Dx00000m0P0OIAU,2018-06-22,001Dx00001CwMTQIA3,Ecclesial Affiliations,Faculties,003dx00000m0p0oiau20180622faculties
012Dx0000007yIOIAY,003Dx00000m0P0OIAU,2019-12-16,001Dx00001CwMTQIA3,Ecclesial Affiliations,Faculties (Withdrawn),003dx00000m0p0oiau20191216faculties(withdrawn)
012Dx0000007yIOIAY,003Dx00000m0P0RIAU,2017-10-21,001Dx00001CwMTQIA3,Ecclesial Affiliations,Faculties (Diaconal),003dx00000m0p0riau20171021faculties(diaconal)
012Dx0000007yIOIAY,003Dx00000m0P0fIAE,2023-10-21,001Dx00001CwMTQIA3,Ecclesial Affiliations,Faculties (Diaconal),003dx00000m0p0fiae20231021faculties(diaconal)
012Dx0000007yIOIAY,003Dx00000m0P0pIAE,2022-07-01,001Dx00001CwMTQIA3,Ecclesial Affiliations,Faculties (Confessional),003dx00000m0p0piae20220701faculties(confessional)
012Dx0000007yIOIAY,003Dx00000m0P0xIAE,2023-10-15,001Dx00001CwMTQIA3,Ecclesial Affiliations,Faculties (Confessional),003dx00000m0p0xiae20231015faculties(confessional)
012Dx0000007yIOIAY,003Dx00000m0P0zIAE,2002-12-23,001Dx00001CwMTQIA3,Ecclesial Affiliations,Faculties (Diaconal),003dx00000m0p0ziae20021223faculties(diaconal)
012Dx0000007yIOIAY,003Dx00000m0P14IAE,2017-07-01,001Dx00001CwMTQIA3,Ecclesial Affiliations,Faculties (General),003dx00000m0p14iae20170701faculties(general)
012Dx0000007yIOIAY,003Dx00000m0P1CIAU,2005-09-15,001Dx00001CwMTQIA3,Ecclesial Affiliations,Faculties (Confessional),003dx00000m0p1ciau20050915faculties(confessional)
012Dx0000007yIOIAY,003Dx00000m0P1DIAU,2019-07-01,001Dx00001CwMTQIA3,Ecclesial Affiliations,Faculties (Confessional),003dx00000m0p1diau20190701faculties(confessional)
012Dx0000007yIOIAY,003Dx00000m0P1TIAU,2010-06-05,001Dx00001CwMTQIA3,Ecclesial Affiliations,Faculties (General),003dx00000m0p1tiau20100605faculties(general)
012Dx0000007yIOIAY,003Dx00000m0P1VIAU,2013-06-08,001Dx00001CwMTQIA3,Ecclesial Affiliations,Faculties (General),003dx00000m0p1viau20130608faculties(general)
012Dx0000007yIOIAY,003Dx00000m0P1jIAE,2020-08-01,001Dx00001CwMTQIA3,Ecclesial Affiliations,Faculties,003dx00000m0p1jiae20200801faculties
012Dx0000007yIOIAY,003Dx00000m0P1jIAE,2021-12-24,001Dx00001CwMTQIA3,Ecclesial Affiliations,Faculties (Withdrawn),003dx00000m0p1jiae20211224faculties(withdrawn)
012Dx0000007yIOIAY,003Dx00000m0P1rIAE,2011-07-01,001Dx00001CwMTQIA3,Ecclesial Affiliations,Faculties (General),003dx00000m0p1riae20110701faculties(general)
012Dx0000007yIOIAY,003Dx00000m0P2DIAU,1993-06-14,001Dx00001CwMTQIA3,Ecclesial Affiliations,Faculties,003dx00000m0p2diau19930614faculties
012Dx0000007yIOIAY,003Dx00000m0P2IIAU,2009-06-09,001Dx00001CwMTQIA3,Ecclesial Affiliations,Faculties (Confessional),003dx00000m0p2iiau20090609faculties(confessional)
012Dx0000007yIOIAY,003Dx00000m0P2KIAU,1900-01-01,001Dx00001CwMTQIA3,Ecclesial Affiliations,Faculties (Withdrawn),003dx00000m0p2kiau19000101faculties(withdrawn)
012Dx0000007yIOIAY,003Dx00000m0P2WIAU,2008-05-27,001Dx00001FavzsIAB,Ecclesial Affiliations,Incardinated,003dx00000m0p2wiau20080527incardinated
012Dx0000007yIOIAY,003Dx00000m0P2YIAU,2020-02-18,001Dx00001CwMTQIA3,Ecclesial Affiliations,Faculties (Confessional),003dx00000m0p2yiau20200218faculties(confessional)
012Dx0000007yIOIAY,003Dx00000m0P2ZIAU,1993-12-01,001Dx00001FavzxIAB,Ecclesial Affiliations,Incardinated,003dx00000m0p2ziau19931201incardinated
012Dx0000007yIOIAY,003Dx00000m0P2hIAE,2017-07-01,001Dx00001CwMTQIA3,Ecclesial Affiliations,Faculties (General),003dx00000m0p2hiae20170701faculties(general)
012Dx0000007yIOIAY,003Dx00000m0P2oIAE,2017-10-11,001Dx00001Faw02IAB,Ecclesial Affiliations,Incardinated,003dx00000m0p2oiae20171011incardinated
012Dx0000007yIOIAY,003Dx00000m0P2oIAE,2015-08-25,001Dx00001CwMTQIA3,Ecclesial Affiliations,Faculties (Diaconal),003dx00000m0p2oiae20150825faculties(diaconal)
012Dx0000007yIOIAY,003Dx00000m0P2vIAE,2000-12-09,001Dx00001CwMTQIA3,Ecclesial Affiliations,Faculties,003dx00000m0p2viae20001209faculties
012Dx0000007yIOIAY,003Dx00000m0P33IAE,2007-06-09,001Dx00001CwMTQIA3,Ecclesial Affiliations,Faculties (General),003dx00000m0p33iae20070609faculties(general)
012Dx0000007yIOIAY,003Dx00000m0P3AIAU,2008-06-23,001Dx00001CwMTQIA3,Ecclesial Affiliations,Faculties,003dx00000m0p3aiau20080623faculties
012Dx0000007yIOIAY,003Dx00000m0P3DIAU,1993-11-05,001Dx00001CwMTQIA3,Ecclesial Affiliations,Faculties (Diaconal),003dx00000m0p3diau19931105faculties(diaconal)
012Dx0000007yIOIAY,003Dx00000m0P3OIAU,2013-10-11,001Dx00001Faw07IAB,Ecclesial Affiliations,Incardinated,003dx00000m0p3oiau20131011incardinated
012Dx0000007yIOIAY,003Dx00000m0P3OIAU,2004-12-24,001Dx00001CwMTQIA3,Ecclesial Affiliations,Faculties (Diaconal),003dx00000m0p3oiau20041224faculties(diaconal)
012Dx0000007yIOIAY,003Dx00000m0P3TIAU,2021-09-15,001Dx00001CwMTQIA3,Ecclesial Affiliations,Faculties (General),003dx00000m0p3tiau20210915faculties(general)
012Dx0000007yIOIAY,003Dx00000m0P3pIAE,1981-09-11,001Dx00001CwMTQIA3,Ecclesial Affiliations,Faculties,003dx00000m0p3piae19810911faculties
012Dx0000007yIOIAY,003Dx00000m0P3zIAE,1993-11-13,001Dx00001FavypIAB,Ecclesial Affiliations,Incardinated,003dx00000m0p3ziae19931113incardinated
012Dx0000007yIOIAY,003Dx00000m0P41IAE,2001-06-09,001Dx00001CwMTQIA3,Ecclesial Affiliations,Faculties (General),003dx00000m0p41iae20010609faculties(general)
012Dx0000007yIOIAY,003Dx00000m0P42IAE,1995-08-19,001Dx00001CwMTQIA3,Ecclesial Affiliations,Faculties (General),003dx00000m0p42iae19950819faculties(general)
012Dx0000007yIOIAY,003Dx00000m0P4EIAU,2021-11-12,001Dx00001CwMTQIA3,Ecclesial Affiliations,Faculties,003dx00000m0p4eiau20211112faculties
012Dx0000007yIOIAY,003Dx00000m0P4IIAU,2015-10-24,001Dx00001CwMTQIA3,Ecclesial Affiliations,Faculties (Diaconal),003dx00000m0p4iiau20151024faculties(diaconal)
012Dx0000007yIOIAY,003Dx00000m0P4TIAU,2019-07-01,001Dx00001CwMTQIA3,Ecclesial Affiliations,Faculties,003dx00000m0p4tiau20190701faculties
012Dx0000007yIOIAY,003Dx00000m0P4cIAE,2020-02-18,001Dx00001CwMTQIA3,Ecclesial Affiliations,Faculties (Confessional),003dx00000m0p4ciae20200218faculties(confessional)
012Dx0000007yIOIAY,003Dx00000m0P4jIAE,1992-11-20,001Dx00001Faw0CIAR,Ecclesial Affiliations,Incardinated,003dx00000m0p4jiae19921120incardinated
012Dx0000007yIOIAY,003Dx00000m0P4jIAE,2007-05-08,001Dx00001CwMTQIA3,Ecclesial Affiliations,Faculties,003dx00000m0p4jiae20070508faculties
012Dx0000007yIOIAY,003Dx00000m0P4jIAE,2022-01-25,001Dx00001CwMTQIA3,Ecclesial Affiliations,Faculties (Withdrawn),003dx00000m0p4jiae20220125faculties(withdrawn)
012Dx0000007yIOIAY,003Dx00000m0P4mIAE,1966-05-14,001Dx00001CwMTQIA3,Ecclesial Affiliations,Faculties (General),003dx00000m0p4miae19660514faculties(general)
012Dx0000007yIOIAY,003Dx00000m0P4wIAE,2021-07-01,001Dx00001CwMTQIA3,Ecclesial Affiliations,Faculties (General),003dx00000m0p4wiae20210701faculties(general)
012Dx0000007yIOIAY,003Dx00000m0P4xIAE,1964-12-16,001Dx00001CwMTQIA3,Ecclesial Affiliations,Faculties (General),003dx00000m0p4xiae19641216faculties(general)
012Dx0000007yIOIAY,003Dx00000m0P4yIAE,2012-04-24,001Dx00001CwMTQIA3,Ecclesial Affiliations,Faculties (Confessional),003dx00000m0p4yiae20120424faculties(confessional)
012Dx0000007yIOIAY,003Dx00000m0P51IAE,2017-06-03,001Dx00001CwMTQIA3,Ecclesial Affiliations,Faculties (General),003dx00000m0p51iae20170603faculties(general)
012Dx0000007yIOIAY,003Dx00000m0P52IAE,2020-07-01,001Dx00001CwMTQIA3,Ecclesial Affiliations,Faculties (General),003dx00000m0p52iae20200701faculties(general)
012Dx0000007yIOIAY,003Dx00000m0P53IAE,2008-07-01,001Dx00001CwMTQIA3,Ecclesial Affiliations,Faculties (Confessional),003dx00000m0p53iae20080701faculties(confessional)
012Dx0000007yIOIAY,003Dx00000m0P57IAE,2016-06-01,001Dx00001CwMTQIA3,Ecclesial Affiliations,Faculties (Diaconal),003dx00000m0p57iae20160601faculties(diaconal)
012Dx0000007yIOIAY,003Dx00000m0P5CIAU,1967-05-20,001Dx00001CwMTQIA3,Ecclesial Affiliations,Faculties (General),003dx00000m0p5ciau19670520faculties(general)
012Dx0000007yIOIAY,003Dx00000m0P5HIAU,1995-11-21,001Dx00001CwMTQIA3,Ecclesial Affiliations,Faculties (Diaconal),003dx00000m0p5hiau19951121faculties(diaconal)
012Dx0000007yIOIAY,003Dx00000m0P5bIAE,2007-06-09,001Dx00001CwMTQIA3,Ecclesial Affiliations,Faculties (General),003dx00000m0p5biae20070609faculties(general)
012Dx0000007yIOIAY,003Dx00000m0P5pIAE,2021-06-21,001Dx00001CwMTQIA3,Ecclesial Affiliations,Faculties (General),003dx00000m0p5piae20210621faculties(general)
012Dx0000007yIOIAY,003Dx00000m0P67IAE,2000-12-19,001Dx00001Faw0WIAR,Ecclesial Affiliations,Incardinated,003dx00000m0p67iae20001219incardinated
012Dx0000007yIOIAY,003Dx00000m0P69IAE,2012-06-09,001Dx00001CwMTQIA3,Ecclesial Affiliations,Faculties (General),003dx00000m0p69iae20120609faculties(general)
012Dx0000007yIOIAY,003Dx00000m0cuNIAQ,2015-07-01,001Dx00001CwMTQIA3,Ecclesial Affiliations,Faculties (General),003dx00000m0cuniaq20150701faculties(general)
012Dx0000007yIOIAY,003Dx00000m0P6EIAU,2008-06-07,001Dx00001CwMTQIA3,Ecclesial Affiliations,Faculties (General),003dx00000m0p6eiau20080607faculties(general)
012Dx0000007yIOIAY,003Dx00000m0P6FIAU,2024-02-19,001Dx00001CwMTQIA3,Ecclesial Affiliations,Faculties (Diaconal),003dx00000m0p6fiau20240219faculties(diaconal)
012Dx0000007yIOIAY,003Dx00000m0P6LIAU,2022-03-19,001Dx00001CwMTQIA3,Ecclesial Affiliations,Faculties (Confessional),003dx00000m0p6liau20220319faculties(confessional)
012Dx0000007yIOIAY,003Dx00000m0P6NIAU,2021-05-01,001Dx00001CwMTQIA3,Ecclesial Affiliations,Faculties (Confessional),003dx00000m0p6niau20210501faculties(confessional)
012Dx0000007yIOIAY,003Dx00000m0P6SIAU,2016-09-01,001Dx00001CwMTQIA3,Ecclesial Affiliations,Faculties (Diaconal),003dx00000m0p6siau20160901faculties(diaconal)
012Dx0000007yIOIAY,003Dx00000m0P6dIAE,2020-02-18,001Dx00001CwMTQIA3,Ecclesial Affiliations,Faculties (Confessional),003dx00000m0p6diae20200218faculties(confessional)
012Dx0000007yIOIAY,003Dx00000m0P6hIAE,2023-07-20,001Dx00001CwMTQIA3,Ecclesial Affiliations,Faculties (Confessional),003dx00000m0p6hiae20230720faculties(confessional)
012Dx0000007yIOIAY,003Dx00000m0P6oIAE,2004-09-15,001Dx00001CwMTQIA3,Ecclesial Affiliations,Faculties (Confessional),003dx00000m0p6oiae20040915faculties(confessional)
012Dx0000007yIOIAY,003Dx00000m0P6qIAE,2016-10-21,001Dx00001CwMTQIA3,Ecclesial Affiliations,Faculties (Confessional),003dx00000m0p6qiae20161021faculties(confessional)
012Dx0000007yIOIAY,003Dx00000m0P6uIAE,2019-05-24,001Dx00001CwMTQIA3,Ecclesial Affiliations,Faculties (General),003dx00000m0p6uiae20190524faculties(general)
012Dx0000007yIOIAY,003Dx00000m0P6wIAE,1996-04-23,001Dx00001CwMTQIA3,Ecclesial Affiliations,Faculties (Confessional),003dx00000m0p6wiae19960423faculties(confessional)
012Dx0000007yIOIAY,003Dx00000m0P72IAE,2005-06-11,001Dx00001CwMTQIA3,Ecclesial Affiliations,Faculties (General),003dx00000m0p72iae20050611faculties(general)
012Dx0000007yIOIAY,003Dx00000m0P7BIAU,1992-09-05,001Dx00001CwMTQIA3,Ecclesial Affiliations,Faculties (Restricted),003dx00000m0p7biau19920905faculties(restricted)
012Dx0000007yIOIAY,003Dx00000m0P7BIAU,2021-11-01,001Dx00001CwMTQIA3,Ecclesial Affiliations,Faculties (Restricted),003dx00000m0p7biau20211101faculties(restricted)
012Dx0000007yIOIAY,003Dx00000m0P7CIAU,2023-08-15,001Dx00001Favz9IAB,Ecclesial Affiliations,Incardinated,003dx00000m0p7ciau20230815incardinated
012Dx0000007yIOIAY,003Dx00000m0P7FIAU,2005-11-07,001Dx00001CwMTQIA3,Ecclesial Affiliations,Faculties (Confessional),003dx00000m0p7fiau20051107faculties(confessional)
012Dx0000007yIOIAY,003Dx00000m0P7JIAU,1981-11-24,001Dx00001Favz4IAB,Ecclesial Affiliations,Incardinated,003dx00000m0p7jiau19811124incardinated
012Dx0000007yIOIAY,003Dx00000m0P7OIAU,2023-10-15,001Dx00001CwMTQIA3,Ecclesial Affiliations,Faculties (Confessional),003dx00000m0p7oiau20231015faculties(confessional)
012Dx0000007yIOIAY,003Dx00000m0P7RIAU,2019-08-01,001Dx00001CwMTQIA3,Ecclesial Affiliations,Faculties (Confessional),003dx00000m0p7riau20190801faculties(confessional)
012Dx0000007yIOIAY,003Dx00000m0P7eIAE,2017-10-11,001Dx00001CwMTQIA3,Ecclesial Affiliations,Faculties (Confessional),003dx00000m0p7eiae20171011faculties(confessional)
012Dx0000007yIOIAY,003Dx00000m0P7gIAE,2012-09-12,001Dx00001CwMTQIA3,Ecclesial Affiliations,Faculties (Diaconal),003dx00000m0p7giae20120912faculties(diaconal)
012Dx0000007yIOIAY,003Dx00000m0P7oIAE,2022-09-01,001Dx00001CwMTQIA3,Ecclesial Affiliations,Faculties (General),003dx00000m0p7oiae20220901faculties(general)
012Dx0000007yIOIAY,003Dx00000m0P80IAE,2017-10-01,001Dx00001CwMTQIA3,Ecclesial Affiliations,Faculties (General),003dx00000m0p80iae20171001faculties(general)
012Dx0000007yIOIAY,003Dx00000m0P84IAE,2013-06-08,001Dx00001CwMTQIA3,Ecclesial Affiliations,Faculties (General),003dx00000m0p84iae20130608faculties(general)
012Dx0000007yIOIAY,003Dx00000m0P8AIAU,2017-06-03,001Dx00001CwMTQIA3,Ecclesial Affiliations,Faculties (General),003dx00000m0p8aiau20170603faculties(general)
012Dx0000007yIOIAY,003Dx00000m0P8EIAU,2023-08-01,001Dx00001CwMTQIA3,Ecclesial Affiliations,Faculties (Confessional),003dx00000m0p8eiau20230801faculties(confessional)
012Dx0000007yIOIAY,003Dx00000m0P8HIAU,2007-11-03,001Dx00001CwMTQIA3,Ecclesial Affiliations,Faculties (Diaconal),003dx00000m0p8hiau20071103faculties(diaconal)
012Dx0000007yIOIAY,003Dx00000m0P8NIAU,1977-06-04,001Dx00001CwMTQIA3,Ecclesial Affiliations,Faculties (General),003dx00000m0p8niau19770604faculties(general)
012Dx0000007yIOIAY,003Dx00000m0P8QIAU,2019-07-19,001Dx00001CwMTQIA3,Ecclesial Affiliations,Faculties (Confessional),003dx00000m0p8qiau20190719faculties(confessional)
012Dx0000007yIOIAY,003Dx00000m0P8RIAU,2005-11-05,001Dx00001CwMTQIA3,Ecclesial Affiliations,Faculties,003dx00000m0p8riau20051105faculties
012Dx0000007yIOIAY,003Dx00000m0P8XIAU,1900-01-01,001Dx00001CwMTQIA3,Ecclesial Affiliations,Faculties (Withdrawn),003dx00000m0p8xiau19000101faculties(withdrawn)
012Dx0000007yIOIAY,003Dx00000m0P8eIAE,2015-07-15,001Dx00001CwMTQIA3,Ecclesial Affiliations,Faculties (Confessional),003dx00000m0p8eiae20150715faculties(confessional)
012Dx0000007yIOIAY,003Dx00000m0P8lIAE,2019-10-26,001Dx00001CwMTQIA3,Ecclesial Affiliations,Faculties (Diaconal),003dx00000m0p8liae20191026faculties(diaconal)
012Dx0000007yIOIAY,003Dx00000m0P8pIAE,2023-08-01,001Dx00001CwMTQIA3,Ecclesial Affiliations,Faculties (Confessional),003dx00000m0p8piae20230801faculties(confessional)
012Dx0000007yIOIAY,003Dx00000m0P8rIAE,2004-11-23,001Dx00001FavxnIAB,Ecclesial Affiliations,Incardinated,003dx00000m0p8riae20041123incardinated
012Dx0000007yIOIAY,003Dx00000m0P8rIAE,2014-04-02,001Dx00001CwMTQIA3,Ecclesial Affiliations,Faculties (Withdrawn),003dx00000m0p8riae20140402faculties(withdrawn)
012Dx0000007yIOIAY,003Dx00000m0P9AIAU,2004-05-02,001Dx00001FavzAIAR,Ecclesial Affiliations,Incardinated,003dx00000m0p9aiau20040502incardinated
012Dx0000007yIOIAY,003Dx00000m0P9AIAU,2015-04-01,001Dx00001CwMTQIA3,Ecclesial Affiliations,Faculties (Withdrawn),003dx00000m0p9aiau20150401faculties(withdrawn)
012Dx0000007yIOIAY,003Dx00000m0P9DIAU,2009-06-13,001Dx00001CwMTQIA3,Ecclesial Affiliations,Faculties (General),003dx00000m0p9diau20090613faculties(general)
012Dx0000007yIOIAY,003Dx00000m0P9EIAU,2004-02-05,,Ecclesial Affiliations,Incardinated,003dx00000m0p9eiau20040205incardinated
012Dx0000007yIOIAY,003Dx00000m0P9JIAU,2019-10-26,001Dx00001CwMTQIA3,Ecclesial Affiliations,Faculties (Diaconal),003dx00000m0p9jiau20191026faculties(diaconal)
012Dx0000007yIOIAY,003Dx00000m0P9TIAU,2016-08-15,001Dx00001CwMTQIA3,Ecclesial Affiliations,Faculties (General),003dx00000m0p9tiau20160815faculties(general)
012Dx0000007yIOIAY,003Dx00000m0P9VIAU,2010-11-06,001Dx00001CwMTQIA3,Ecclesial Affiliations,Faculties (Diaconal),003dx00000m0p9viau20101106faculties(diaconal)
012Dx0000007yIOIAY,003Dx00000m0P9WIAU,2022-10-25,001Dx00001CwMTQIA3,Ecclesial Affiliations,Faculties (Confessional),003dx00000m0p9wiau20221025faculties(confessional)
012Dx0000007yIOIAY,003Dx00000m0P9XIAU,1988-12-23,001Dx00001Faw0bIAB,Ecclesial Affiliations,Incardinated,003dx00000m0p9xiau19881223incardinated
012Dx0000007yIOIAY,003Dx00000m0P9aIAE,2011-10-29,001Dx00001CwMTQIA3,Ecclesial Affiliations,Faculties (Diaconal),003dx00000m0p9aiae20111029faculties(diaconal)
012Dx0000007yIOIAY,003Dx00000m0P9fIAE,1997-11-29,001Dx00001CwMTQIA3,Ecclesial Affiliations,Faculties (Diaconal),003dx00000m0p9fiae19971129faculties(diaconal)
012Dx0000007yIOIAY,003Dx00000m0P9xIAE,2021-08-15,001Dx00001CwMTQIA3,Ecclesial Affiliations,Faculties (Confessional),003dx00000m0p9xiae20210815faculties(confessional)
012Dx0000007yIOIAY,003Dx00000m0PA4IAM,2006-12-09,001Dx00001CwMTQIA3,Ecclesial Affiliations,Faculties (Diaconal),003dx00000m0pa4iam20061209faculties(diaconal)
012Dx0000007yIOIAY,003Dx00000m0PAGIA2,1900-01-01,001Dx00001CwMTQIA3,Ecclesial Affiliations,Faculties (Withdrawn),003dx00000m0pagia219000101faculties(withdrawn)
012Dx0000007yIOIAY,003Dx00000m0PAJIA2,2011-06-03,001Dx00001CwMTQIA3,Ecclesial Affiliations,Faculties (Confessional),003dx00000m0pajia220110603faculties(confessional)
012Dx0000007yIOIAY,003Dx00000m0PALIA2,1990-03-12,001Dx00001CwMTQIA3,Ecclesial Affiliations,Faculties,003dx00000m0palia219900312faculties
012Dx0000007yIOIAY,003Dx00000m0PARIA2,1993-11-05,001Dx00001CwMTQIA3,Ecclesial Affiliations,Faculties (Diaconal),003dx00000m0paria219931105faculties(diaconal)
012Dx0000007yIOIAY,003Dx00000m0PAYIA2,2004-05-29,001Dx00001CwMTQIA3,Ecclesial Affiliations,Faculties (General),003dx00000m0payia220040529faculties(general)
012Dx0000007yIOIAY,003Dx00000m0PAfIAM,1900-01-01,001Dx00001CwMTQIA3,Ecclesial Affiliations,Faculties (Withdrawn),003dx00000m0pafiam19000101faculties(withdrawn)
012Dx0000007yIOIAY,003Dx00000m0PB0IAM,2022-08-01,001Dx00001CwMTQIA3,Ecclesial Affiliations,Faculties (General),003dx00000m0pb0iam20220801faculties(general)
012Dx0000007yIOIAY,003Dx00000m0PBHIA2,2018-03-19,001Dx00001CwMTQIA3,Ecclesial Affiliations,Faculties,003dx00000m0pbhia220180319faculties
012Dx0000007yIOIAY,003Dx00000m0PBJIA2,2011-10-29,001Dx00001CwMTQIA3,Ecclesial Affiliations,Faculties (Diaconal),003dx00000m0pbjia220111029faculties(diaconal)
012Dx0000007yIOIAY,003Dx00000m0PBUIA2,2017-07-01,001Dx00001CwMTQIA3,Ecclesial Affiliations,Faculties (General),003dx00000m0pbuia220170701faculties(general)
012Dx0000007yIOIAY,003Dx00000m0PBYIA2,2023-06-03,001Dx00001CwMTQIA3,Ecclesial Affiliations,Faculties (General),003dx00000m0pbyia220230603faculties(general)
012Dx0000007yIOIAY,003Dx00000m0PBdIAM,2020-12-01,001Dx00001CwMTQIA3,Ecclesial Affiliations,Faculties (General),003dx00000m0pbdiam20201201faculties(general)
012Dx0000007yIOIAY,003Dx00000m0PBoIAM,2009-06-13,001Dx00001CwMTQIA3,Ecclesial Affiliations,Faculties (General),003dx00000m0pboiam20090613faculties(general)
012Dx0000007yIOIAY,003Dx00000m0PBzIAM,2021-09-11,001Dx00001CwMTQIA3,Ecclesial Affiliations,Faculties (Diaconal),003dx00000m0pbziam20210911faculties(diaconal)
012Dx0000007yIOIAY,003Dx00000m0PC0IAM,1900-01-01,001Dx00001CwMTQIA3,Ecclesial Affiliations,Faculties (Withdrawn),003dx00000m0pc0iam19000101faculties(withdrawn)
012Dx0000007yIOIAY,003Dx00000m0PC1IAM,1977-06-05,001Dx00001CwMTQIA3,Ecclesial Affiliations,Faculties,003dx00000m0pc1iam19770605faculties
012Dx0000007yIOIAY,003Dx00000m0PC1IAM,1985-07-01,001Dx00001CwMTQIA3,Ecclesial Affiliations,Faculties (Withdrawn),003dx00000m0pc1iam19850701faculties(withdrawn)
012Dx0000007yIOIAY,003Dx00000m0PC5IAM,2000-12-09,001Dx00001CwMTQIA3,Ecclesial Affiliations,Faculties (Diaconal),003dx00000m0pc5iam20001209faculties(diaconal)
012Dx0000007yIOIAY,003Dx00000m0PCKIA2,2003-10-01,001Dx00001CwMTQIA3,Ecclesial Affiliations,Faculties,003dx00000m0pckia220031001faculties
012Dx0000007yIOIAY,003Dx00000m0PCMIA2,2009-11-01,001Dx00001CwMTQIA3,Ecclesial Affiliations,Faculties (Diaconal),003dx00000m0pcmia220091101faculties(diaconal)
012Dx0000007yIOIAY,003Dx00000m0PCPIA2,1900-01-01,001Dx00001CwMTQIA3,Ecclesial Affiliations,Faculties (Withdrawn),003dx00000m0pcpia219000101faculties(withdrawn)
012Dx0000007yIOIAY,003Dx00000m0PCYIA2,2015-06-05,001Dx00001CwMTQIA3,Ecclesial Affiliations,Faculties (General),003dx00000m0pcyia220150605faculties(general)
012Dx0000007yIOIAY,003Dx00000m0PCpIAM,1975-01-04,001Dx00001Faw0gIAB,Ecclesial Affiliations,Incardinated,003dx00000m0pcpiam19750104incardinated
012Dx0000007yIOIAY,003Dx00000m0PCqIAM,2021-09-28,001Dx00001CwMTQIA3,Ecclesial Affiliations,Faculties (Withdrawn),003dx00000m0pcqiam20210928faculties(withdrawn)
012Dx0000007yIOIAY,003Dx00000m0PCwIAM,1997-11-29,001Dx00001CwMTQIA3,Ecclesial Affiliations,Faculties (Diaconal),003dx00000m0pcwiam19971129faculties(diaconal)
012Dx0000007yIOIAY,003Dx00000m0PCyIAM,2022-07-01,001Dx00001CwMTQIA3,Ecclesial Affiliations,Faculties (General),003dx00000m0pcyiam20220701faculties(general)
012Dx0000007yIOIAY,003Dx00000m0PD3IAM,2021-09-01,001Dx00001CwMTQIA3,Ecclesial Affiliations,Faculties (Diaconal),003dx00000m0pd3iam20210901faculties(diaconal)
012Dx0000007yIOIAY,003Dx00000m0PD8IAM,2012-06-09,001Dx00001CwMTQIA3,Ecclesial Affiliations,Faculties (General),003dx00000m0pd8iam20120609faculties(general)
012Dx0000007yIOIAY,003Dx00000m0PDAIA2,2022-11-01,001Dx00001CwMTQIA3,Ecclesial Affiliations,Faculties (Confessional),003dx00000m0pdaia220221101faculties(confessional)
012Dx0000007yIOIAY,003Dx00000m0PDGIA2,2023-08-06,001Dx00001CwMTQIA3,Ecclesial Affiliations,Faculties (Confessional),003dx00000m0pdgia220230806faculties(confessional)
012Dx0000007yIOIAY,003Dx00000m0PDIIA2,1971-12-06,,Ecclesial Affiliations,Incardinated,003dx00000m0pdiia219711206incardinated
012Dx0000007yIOIAY,003Dx00000m0PDNIA2,2018-08-23,001Dx00001CwMTQIA3,Ecclesial Affiliations,Faculties (Confessional),003dx00000m0pdnia220180823faculties(confessional)
012Dx0000007yIOIAY,003Dx00000m0PDTIA2,2015-09-19,001Dx00001CwMTQIA3,Ecclesial Affiliations,Faculties (General),003dx00000m0pdtia220150919faculties(general)
012Dx0000007yIOIAY,003Dx00000m0PDVIA2,2001-06-09,001Dx00001CwMTQIA3,Ecclesial Affiliations,Faculties (General),003dx00000m0pdvia220010609faculties(general)
012Dx0000007yIOIAY,003Dx00000m0PDaIAM,2021-07-01,001Dx00001CwMTQIA3,Ecclesial Affiliations,Faculties (General),003dx00000m0pdaiam20210701faculties(general)
012Dx0000007yIOIAY,003Dx00000m0PDxIAM,2021-09-03,001Dx00001CwMTQIA3,Ecclesial Affiliations,Faculties (Confessional),003dx00000m0pdxiam20210903faculties(confessional)
012Dx0000007yIOIAY,003Dx00000m0PE1IAM,2013-04-02,001Dx00001Faw0lIAB,Ecclesial Affiliations,Incardinated,003dx00000m0pe1iam20130402incardinated
012Dx0000007yIOIAY,003Dx00000m0PE2IAM,2008-06-07,001Dx00001CwMTQIA3,Ecclesial Affiliations,Faculties (General),003dx00000m0pe2iam20080607faculties(general)
012Dx0000007yIOIAY,003Dx00000m0PE6IAM,2021-05-28,001Dx00001CwMTQIA3,Ecclesial Affiliations,Faculties (Confessional),003dx00000m0pe6iam20210528faculties(confessional)
012Dx0000007yIOIAY,003Dx00000m0PE9IAM,2015-06-05,001Dx00001CwMTQIA3,Ecclesial Affiliations,Faculties (General),003dx00000m0pe9iam20150605faculties(general)
012Dx0000007yIOIAY,003Dx00000m0PEAIA2,2023-03-13,001Dx00001CwMTQIA3,Ecclesial Affiliations,Faculties (Confessional),003dx00000m0peaia220230313faculties(confessional)
012Dx0000007yIOIAY,003Dx00000m0PEHIA2,2023-09-01,001Dx00001CwMTQIA3,Ecclesial Affiliations,Faculties (Confessional),003dx00000m0pehia220230901faculties(confessional)
012Dx0000007yIOIAY,003Dx00000m0PELIA2,2014-05-02,001Dx00001CwMTQIA3,Ecclesial Affiliations,Faculties (Confessional),003dx00000m0pelia220140502faculties(confessional)
012Dx0000007yIOIAY,003Dx00000m0PENIA2,1987-01-06,001Dx00001Favz4IAB,Ecclesial Affiliations,Incardinated,003dx00000m0penia219870106incardinated
012Dx0000007yIOIAY,003Dx00000m0PEPIA2,1990-02-23,001Dx00001CwMTQIA3,Ecclesial Affiliations,Faculties,003dx00000m0pepia219900223faculties
012Dx0000007yIOIAY,003Dx00000m0PERIA2,2022-07-01,001Dx00001CwMTQIA3,Ecclesial Affiliations,Faculties (Confessional),003dx00000m0peria220220701faculties(confessional)
012Dx0000007yIOIAY,003Dx00000m0PESIA2,2006-12-01,001Dx00001CwMTQIA3,Ecclesial Affiliations,Faculties,003dx00000m0pesia220061201faculties
012Dx0000007yIOIAY,003Dx00000m0PESIA2,2014-08-21,001Dx00001CwMTQIA3,Ecclesial Affiliations,Faculties (Withdrawn),003dx00000m0pesia220140821faculties(withdrawn)
012Dx0000007yIOIAY,003Dx00000m0PEiIAM,2001-06-09,001Dx00001CwMTQIA3,Ecclesial Affiliations,Faculties (General),003dx00000m0peiiam20010609faculties(general)
012Dx0000007yIOIAY,003Dx00000m0PErIAM,1900-01-01,001Dx00001CwMTQIA3,Ecclesial Affiliations,Faculties (Withdrawn),003dx00000m0periam19000101faculties(withdrawn)
012Dx0000007yIOIAY,003Dx00000m0PEwIAM,2013-10-26,001Dx00001CwMTQIA3,Ecclesial Affiliations,Faculties (Diaconal),003dx00000m0pewiam20131026faculties(diaconal)
012Dx0000007yIOIAY,003Dx00000m0PFMIA2,1960-05-21,001Dx00001CwMTQIA3,Ecclesial Affiliations,Faculties (General),003dx00000m0pfmia219600521faculties(general)
012Dx0000007yIOIAY,003Dx00000m0PFOIA2,1900-01-01,001Dx00001CwMTQIA3,Ecclesial Affiliations,Faculties (Withdrawn),003dx00000m0pfoia219000101faculties(withdrawn)
012Dx0000007yIOIAY,003Dx00000m0PFXIA2,2011-01-14,001Dx00001FavxnIAB,Ecclesial Affiliations,Incardinated,003dx00000m0pfxia220110114incardinated
012Dx0000007yIOIAY,003Dx00000m0PFdIAM,2021-09-09,001Dx00001CwMTQIA3,Ecclesial Affiliations,Faculties (Diaconal),003dx00000m0pfdiam20210909faculties(diaconal)
012Dx0000007yIOIAY,003Dx00000m0PFeIAM,2017-07-01,001Dx00001CwMTQIA3,Ecclesial Affiliations,Faculties (General),003dx00000m0pfeiam20170701faculties(general)
012Dx0000007yIOIAY,003Dx00000m0PFgIAM,2008-11-23,001Dx00001CwMTQIA3,Ecclesial Affiliations,Faculties (Withdrawn),003dx00000m0pfgiam20081123faculties(withdrawn)
012Dx0000007yIOIAY,003Dx00000m0PFiIAM,2022-06-24,001Dx00001CwMTQIA3,Ecclesial Affiliations,Faculties (General),003dx00000m0pfiiam20220624faculties(general)
012Dx0000007yIOIAY,003Dx00000m0PFjIAM,2003-09-17,001Dx00001Faw0qIAB,Ecclesial Affiliations,Incardinated,003dx00000m0pfjiam20030917incardinated
012Dx0000007yIOIAY,003Dx00000m0PFjIAM,1994-09-10,001Dx00001CwMTQIA3,Ecclesial Affiliations,Faculties (General),003dx00000m0pfjiam19940910faculties(general)
012Dx0000007yIOIAY,003Dx00000m0PFlIAM,2020-11-01,001Dx00001CwMTQIA3,Ecclesial Affiliations,Faculties (General),003dx00000m0pfliam20201101faculties(general)
012Dx0000007yIOIAY,003Dx00000m0PFnIAM,2023-06-12,001Dx00001CwMTQIA3,Ecclesial Affiliations,Faculties (General),003dx00000m0pfniam20230612faculties(general)
012Dx0000007yIOIAY,003Dx00000m0PFzIAM,2006-06-10,001Dx00001CwMTQIA3,Ecclesial Affiliations,Faculties (General),003dx00000m0pfziam20060610faculties(general)
012Dx0000007yIOIAY,003Dx00000m0PGEIA2,2018-01-15,001Dx00001CwMTQIA3,Ecclesial Affiliations,Faculties (Confessional),003dx00000m0pgeia220180115faculties(confessional)
012Dx0000007yIOIAY,003Dx00000m0PGHIA2,2008-05-01,001Dx00001CwMTQIA3,Ecclesial Affiliations,Faculties,003dx00000m0pghia220080501faculties
012Dx0000007yIOIAY,003Dx00000m0PGHIA2,2015-03-26,001Dx00001CwMTQIA3,Ecclesial Affiliations,Faculties (Withdrawn),003dx00000m0pghia220150326faculties(withdrawn)
012Dx0000007yIOIAY,003Dx00000m0PGIIA2,1999-01-09,001Dx00001FZmaUIAT,Ecclesial Affiliations,Incardinated,003dx00000m0pgiia219990109incardinated
012Dx0000007yIOIAY,003Dx00000m0PGIIA2,2014-11-01,001Dx00001CwMTQIA3,Ecclesial Affiliations,Faculties (Restricted),003dx00000m0pgiia220141101faculties(restricted)
012Dx0000007yIOIAY,003Dx00000m0PGKIA2,2021-07-19,001Dx00001CwMTQIA3,Ecclesial Affiliations,Faculties (Confessional),003dx00000m0pgkia220210719faculties(confessional)
012Dx0000007yIOIAY,003Dx00000m0PGNIA2,2022-07-01,001Dx00001CwMTQIA3,Ecclesial Affiliations,Faculties (General),003dx00000m0pgnia220220701faculties(general)
012Dx0000007yIOIAY,003Dx00000m0PGUIA2,1900-01-01,001Dx00001CwMTQIA3,Ecclesial Affiliations,Faculties (Withdrawn),003dx00000m0pguia219000101faculties(withdrawn)
012Dx0000007yIOIAY,003Dx00000m0PGYIA2,2021-09-09,001Dx00001CwMTQIA3,Ecclesial Affiliations,Faculties (Diaconal),003dx00000m0pgyia220210909faculties(diaconal)
012Dx0000007yIOIAY,003Dx00000m0PGjIAM,2012-06-06,001Dx00001CwMTQIA3,Ecclesial Affiliations,Faculties (Confessional),003dx00000m0pgjiam20120606faculties(confessional)
012Dx0000007yIOIAY,003Dx00000m0PGnIAM,2001-06-09,001Dx00001CwMTQIA3,Ecclesial Affiliations,Faculties (General),003dx00000m0pgniam20010609faculties(general)
012Dx0000007yIOIAY,003Dx00000m0PGwIAM,1998-09-08,001Dx00001Faw0vIAB,Ecclesial Affiliations,Incardinated,003dx00000m0pgwiam19980908incardinated
012Dx0000007yIOIAY,003Dx00000m0PGwIAM,1995-01-24,001Dx00001CwMTQIA3,Ecclesial Affiliations,Faculties,003dx00000m0pgwiam19950124faculties
012Dx0000007yIOIAY,003Dx00000m0PGyIAM,2005-05-02,001Dx00001FavyaIAB,Ecclesial Affiliations,Incardinated,003dx00000m0pgyiam20050502incardinated
012Dx0000007yIOIAY,003Dx00000m0PGyIAM,2000-11-16,001Dx00001CwMTQIA3,Ecclesial Affiliations,Faculties (Diaconal),003dx00000m0pgyiam20001116faculties(diaconal)
012Dx0000007yIOIAY,003Dx00000m0PH8IAM,2009-01-12,001Dx00001CwMTQIA3,Ecclesial Affiliations,Faculties (Restricted),003dx00000m0ph8iam20090112faculties(restricted)
012Dx0000007yIOIAY,003Dx00000m0PHCIA2,2018-11-12,001Dx00001CwMTQIA3,Ecclesial Affiliations,Faculties (General),003dx00000m0phcia220181112faculties(general)
012Dx0000007yIOIAY,003Dx00000m0PHDIA2,2023-10-15,001Dx00001CwMTQIA3,Ecclesial Affiliations,Faculties (Confessional),003dx00000m0phdia220231015faculties(confessional)
012Dx0000007yIOIAY,003Dx00000m0PHYIA2,1989-06-26,001Dx00001FavyQIAR,Ecclesial Affiliations,Incardinated,003dx00000m0phyia219890626incardinated
012Dx0000007yIOIAY,003Dx00000m0PHaIAM,2021-12-16,001Dx00001CwMTQIA3,Ecclesial Affiliations,Faculties (General),003dx00000m0phaiam20211216faculties(general)
012Dx0000007yIOIAY,003Dx00000m0PHlIAM,1981-10-23,001Dx00001CwMTQIA3,Ecclesial Affiliations,Faculties (Restricted),003dx00000m0phliam19811023faculties(restricted)
012Dx0000007yIOIAY,003Dx00000m0PHmIAM,2017-10-16,001Dx00001CwMTQIA3,Ecclesial Affiliations,Faculties (Confessional),003dx00000m0phmiam20171016faculties(confessional)
012Dx0000007yIOIAY,003Dx00000m0PI4IAM,2019-10-21,001Dx00001CwMTQIA3,Ecclesial Affiliations,Faculties (General),003dx00000m0pi4iam20191021faculties(general)
012Dx0000007yIOIAY,003Dx00000m0PIKIA2,2007-11-03,001Dx00001CwMTQIA3,Ecclesial Affiliations,Faculties (Diaconal),003dx00000m0pikia220071103faculties(diaconal)
012Dx0000007yIOIAY,003Dx00000m0PIOIA2,2012-06-09,001Dx00001CwMTQIA3,Ecclesial Affiliations,Faculties (General),003dx00000m0pioia220120609faculties(general)
012Dx0000007yIOIAY,003Dx00000m0PIQIA2,2014-06-06,001Dx00001CwMTQIA3,Ecclesial Affiliations,Faculties (General),003dx00000m0piqia220140606faculties(general)
012Dx0000007yIOIAY,003Dx00000m0PITIA2,2020-07-01,001Dx00001CwMTQIA3,Ecclesial Affiliations,Faculties (General),003dx00000m0pitia220200701faculties(general)
012Dx0000007yIOIAY,003Dx00000m0PIUIA2,2020-01-21,001Dx00001CwMTQIA3,Ecclesial Affiliations,Faculties (Confessional),003dx00000m0piuia220200121faculties(confessional)
012Dx0000007yIOIAY,003Dx00000m0PIWIA2,2011-06-04,001Dx00001CwMTQIA3,Ecclesial Affiliations,Faculties (General),003dx00000m0piwia220110604faculties(general)
012Dx0000007yIOIAY,003Dx00000m0PIfIAM,2021-09-13,001Dx00001CwMTQIA3,Ecclesial Affiliations,Faculties (Confessional),003dx00000m0pifiam20210913faculties(confessional)
012Dx0000007yIOIAY,003Dx00000m0PIkIAM,2021-09-15,001Dx00001CwMTQIA3,Ecclesial Affiliations,Faculties (General),003dx00000m0pikiam20210915faculties(general)
012Dx0000007yIOIAY,003Dx00000m0PIlIAM,2005-06-11,001Dx00001CwMTQIA3,Ecclesial Affiliations,Faculties (General),003dx00000m0piliam20050611faculties(general)
012Dx0000007yIOIAY,003Dx00000m0PIpIAM,2023-11-08,001Dx00001CwMTQIA3,Ecclesial Affiliations,Faculties (Confessional),003dx00000m0pipiam20231108faculties(confessional)
012Dx0000007yIOIAY,003Dx00000m0PIvIAM,1995-06-09,001Dx00001CwMTQIA3,Ecclesial Affiliations,Faculties (General),003dx00000m0piviam19950609faculties(general)
012Dx0000007yIOIAY,003Dx00000m0PIyIAM,2019-10-26,001Dx00001CwMTQIA3,Ecclesial Affiliations,Faculties (Diaconal),003dx00000m0piyiam20191026faculties(diaconal)
012Dx0000007yIOIAY,003Dx00000m0PJBIA2,2018-09-05,001Dx00001CwMTQIA3,Ecclesial Affiliations,Faculties (Confessional),003dx00000m0pjbia220180905faculties(confessional)
012Dx0000007yIOIAY,003Dx00000m0PJDIA2,1991-07-01,001Dx00001CwMTQIA3,Ecclesial Affiliations,Faculties (Confessional),003dx00000m0pjdia219910701faculties(confessional)
012Dx0000007yIOIAY,003Dx00000m0PJHIA2,2014-06-06,001Dx00001CwMTQIA3,Ecclesial Affiliations,Faculties (General),003dx00000m0pjhia220140606faculties(general)
012Dx0000007yIOIAY,003Dx00000m0PJPIA2,2013-07-24,001Dx00001CwMTQIA3,Ecclesial Affiliations,Faculties (Confessional),003dx00000m0pjpia220130724faculties(confessional)
012Dx0000007yIOIAY,003Dx00000m0PJQIA2,2023-08-01,001Dx00001CwMTQIA3,Ecclesial Affiliations,Faculties (General),003dx00000m0pjqia220230801faculties(general)
012Dx0000007yIOIAY,003Dx00000m0PJUIA2,1994-06-25,001Dx00001CwMTQIA3,Ecclesial Affiliations,Faculties (General),003dx00000m0pjuia219940625faculties(general)
012Dx0000007yIOIAY,003Dx00000m0PJaIAM,1990-04-23,001Dx00001FavzBIAR,Ecclesial Affiliations,Incardinated,003dx00000m0pjaiam19900423incardinated
012Dx0000007yIOIAY,003Dx00000m0PJeIAM,1993-11-05,001Dx00001CwMTQIA3,Ecclesial Affiliations,Faculties (Diaconal),003dx00000m0pjeiam19931105faculties(diaconal)
012Dx0000007yIOIAY,003Dx00000m0PJgIAM,1997-12-02,001Dx00001CwMTQIA3,Ecclesial Affiliations,Faculties (Confessional),003dx00000m0pjgiam19971202faculties(confessional)
012Dx0000007yIOIAY,003Dx00000m0PJvIAM,2022-05-28,001Dx00001CwMTQIA3,Ecclesial Affiliations,Faculties (Confessional),003dx00000m0pjviam20220528faculties(confessional)
012Dx0000007yIOIAY,003Dx00000m0PJyIAM,2016-06-04,001Dx00001CwMTQIA3,Ecclesial Affiliations,Faculties (General),003dx00000m0pjyiam20160604faculties(general)
012Dx0000007yIOIAY,003Dx00000m0PKAIA2,2017-02-23,001Dx00001CwMTQIA3,Ecclesial Affiliations,Faculties (Confessional),003dx00000m0pkaia220170223faculties(confessional)
012Dx0000007yIOIAY,003Dx00000m0PKLIA2,2000-12-09,001Dx00001CwMTQIA3,Ecclesial Affiliations,Faculties (Diaconal),003dx00000m0pklia220001209faculties(diaconal)
012Dx0000007yIOIAY,003Dx00000m0PKfIAM,2020-11-16,001Dx00001CwMTQIA3,Ecclesial Affiliations,Faculties (Confessional),003dx00000m0pkfiam20201116faculties(confessional)
012Dx0000007yIOIAY,003Dx00000m0PKrIAM,2007-11-07,001Dx00001CwMTQIA3,Ecclesial Affiliations,Faculties (Confessional),003dx00000m0pkriam20071107faculties(confessional)
012Dx0000007yIOIAY,003Dx00000m0PKuIAM,2010-10-05,001Dx00001FavzjIAB,Ecclesial Affiliations,Incardinated,003dx00000m0pkuiam20101005incardinated
012Dx0000007yIOIAY,003Dx00000m0PKwIAM,2018-03-01,001Dx00001CwMTQIA3,Ecclesial Affiliations,Faculties (General),003dx00000m0pkwiam20180301faculties(general)
012Dx0000007yIOIAY,003Dx00000m0PLAIA2,2002-12-23,001Dx00001CwMTQIA3,Ecclesial Affiliations,Faculties (Diaconal),003dx00000m0plaia220021223faculties(diaconal)
012Dx0000007yIOIAY,003Dx00000m0PLGIA2,2005-06-11,001Dx00001CwMTQIA3,Ecclesial Affiliations,Faculties (General),003dx00000m0plgia220050611faculties(general)
012Dx0000007yIOIAY,003Dx00000m0PLLIA2,2002-12-23,001Dx00001CwMTQIA3,Ecclesial Affiliations,Faculties,003dx00000m0pllia220021223faculties
012Dx0000007yIOIAY,003Dx00000m0PLLIA2,2013-09-15,001Dx00001CwMTQIA3,Ecclesial Affiliations,Faculties (Withdrawn),003dx00000m0pllia220130915faculties(withdrawn)
012Dx0000007yIOIAY,003Dx00000m0PLSIA2,2011-06-24,001Dx00001Faw10IAB,Ecclesial Affiliations,Incardinated,003dx00000m0plsia220110624incardinated
012Dx0000007yIOIAY,003Dx00000m0PLUIA2,1999-06-12,001Dx00001CwMTQIA3,Ecclesial Affiliations,Faculties (General),003dx00000m0pluia219990612faculties(general)
012Dx0000007yIOIAY,003Dx00000m0PLVIA2,1900-01-01,001Dx00001CwMTQIA3,Ecclesial Affiliations,Faculties (Withdrawn),003dx00000m0plvia219000101faculties(withdrawn)
012Dx0000007yIOIAY,003Dx00000m0PLdIAM,2022-08-01,001Dx00001CwMTQIA3,Ecclesial Affiliations,Faculties (Confessional),003dx00000m0pldiam20220801faculties(confessional)
012Dx0000007yIOIAY,003Dx00000m0PMUIA2,1982-01-28,001Dx00001FavypIAB,Ecclesial Affiliations,Excardinated,003dx00000m0pmuia219820128excardinated
012Dx0000007yIOIAY,003Dx00000m0PMUIA2,1982-01-28,001Dx00001CwMTQIA3,Ecclesial Affiliations,Faculties (Withdrawn),003dx00000m0pmuia219820128faculties(withdrawn)
012Dx0000007yIOIAY,003Dx00000m0PMfIAM,1988-07-20,001Dx00001CwMTQIA3,Ecclesial Affiliations,Faculties,003dx00000m0pmfiam19880720faculties
012Dx0000007yIOIAY,003Dx00000m0PMmIAM,2018-04-08,001Dx00001CwMTQIA3,Ecclesial Affiliations,Faculties (Confessional),003dx00000m0pmmiam20180408faculties(confessional)
012Dx0000007yIOIAY,003Dx00000m0PMnIAM,2016-05-01,001Dx00001CwMTQIA3,Ecclesial Affiliations,Faculties (Confessional),003dx00000m0pmniam20160501faculties(confessional)
012Dx0000007yIOIAY,003Dx00000m0PMoIAM,2004-05-29,001Dx00001CwMTQIA3,Ecclesial Affiliations,Faculties (General),003dx00000m0pmoiam20040529faculties(general)
012Dx0000007yIOIAY,003Dx00000m0PMrIAM,2018-10-17,001Dx00001CwMTQIA3,Ecclesial Affiliations,Faculties (Confessional),003dx00000m0pmriam20181017faculties(confessional)
012Dx0000007yIOIAY,003Dx00000m0PMxIAM,2012-11-03,001Dx00001CwMTQIA3,Ecclesial Affiliations,Faculties (Diaconal),003dx00000m0pmxiam20121103faculties(diaconal)
012Dx0000007yIOIAY,003Dx00000m0PN0IAM,1900-01-01,001Dx00001CwMTQIA3,Ecclesial Affiliations,Faculties (Withdrawn),003dx00000m0pn0iam19000101faculties(withdrawn)
012Dx0000007yIOIAY,003Dx00000m0PN8IAM,2003-12-15,001Dx00001FawQZIAZ,Ecclesial Affiliations,Incardinated,003dx00000m0pn8iam20031215incardinated
012Dx0000007yIOIAY,003Dx00000m0PNDIA2,2008-05-31,001Dx00001FavzUIAR,Ecclesial Affiliations,Incardinated,003dx00000m0pndia220080531incardinated
012Dx0000007yIOIAY,003Dx00000m0PNDIA2,2023-07-01,001Dx00001CwMTQIA3,Ecclesial Affiliations,Faculties (General),003dx00000m0pndia220230701faculties(general)
012Dx0000007yIOIAY,003Dx00000m0PNMIA2,2017-11-01,001Dx00001CwMTQIA3,Ecclesial Affiliations,Faculties (Diaconal),003dx00000m0pnmia220171101faculties(diaconal)
012Dx0000007yIOIAY,003Dx00000m0PNYIA2,2009-11-01,001Dx00001CwMTQIA3,Ecclesial Affiliations,Faculties (Diaconal),003dx00000m0pnyia220091101faculties(diaconal)
012Dx0000007yIOIAY,003Dx00000m0PNhIAM,2023-10-15,001Dx00001CwMTQIA3,Ecclesial Affiliations,Faculties (Confessional),003dx00000m0pnhiam20231015faculties(confessional)
012Dx0000007yIOIAY,003Dx00000m0PNvIAM,2010-06-05,001Dx00001CwMTQIA3,Ecclesial Affiliations,Faculties (General),003dx00000m0pnviam20100605faculties(general)
012Dx0000007yIOIAY,003Dx00000m0PNyIAM,2000-07-01,001Dx00001CwMTQIA3,Ecclesial Affiliations,Faculties (General),003dx00000m0pnyiam20000701faculties(general)
012Dx0000007yIOIAY,003Dx00000m0PLzIAM,2023-07-01,001Dx00001CwMTQIA3,Ecclesial Affiliations,Faculties (General),003dx00000m0plziam20230701faculties(general)
012Dx0000007yIOIAY,003Dx00000m0PM1IAM,2002-10-15,001Dx00001CwMTQIA3,Ecclesial Affiliations,Faculties (Confessional),003dx00000m0pm1iam20021015faculties(confessional)
012Dx0000007yIOIAY,003Dx00000m0PM3IAM,2022-06-01,001Dx00001CwMTQIA3,Ecclesial Affiliations,Faculties (General),003dx00000m0pm3iam20220601faculties(general)
012Dx0000007yIOIAY,003Dx00000m0PM9IAM,1976-06-05,001Dx00001CwMTQIA3,Ecclesial Affiliations,Faculties (General),003dx00000m0pm9iam19760605faculties(general)
012Dx0000007yIOIAY,003Dx00000m0PMAIA2,2007-11-26,001Dx00001FawQeIAJ,Ecclesial Affiliations,Incardinated,003dx00000m0pmaia220071126incardinated
012Dx0000007yIOIAY,003Dx00000m0PMDIA2,1979-10-05,001Dx00001CwMTQIA3,Ecclesial Affiliations,Faculties (General),003dx00000m0pmdia219791005faculties(general)
012Dx0000007yIOIAY,003Dx00000m0PMEIA2,1997-07-12,001Dx00001CwMTQIA3,Ecclesial Affiliations,Faculties (General),003dx00000m0pmeia219970712faculties(general)
